VIN,EVENTTIME,DATEHOUR,ODOMETERVALUE,FUELAMOUNT,AUTONOMYDISTANCE,DISTANCETOSERVICEVALUE
0009ed13859f3e4190a5,1662152433205,2022-09-02 18:00:33.205,9056,null,260,5944
0009ed13859f3e4190a5,1662152443244,2022-09-02 18:00:43.244,9056,null,260,5944
0009ed13859f3e4190a5,1662226384261,2022-09-03 14:33:04.261,9056,null,260,5944
0009ed13859f3e4190a5,1662241816369,2022-09-03 18:50:16.369,9056,null,260,5944
0009ed13859f3e4190a5,1662245354306,2022-09-03 19:49:14.306,9091,null,232,5909
0009ed13859f3e4190a5,1662246043344,2022-09-03 20:00:43.344,9091,null,232,5909
0009ed13859f3e4190a5,1662252987186,2022-09-03 21:56:27.186,9114,null,211,5886
0009ed13859f3e4190a5,1662258846485,2022-09-03 23:34:06.485,9128,null,194,5872
0009ed13859f3e4190a5,1662298166022,2022-09-04 10:29:26.022,9132,null,188,5868
0009ed13859f3e4190a5,1662299025077,2022-09-04 10:43:45.077,9136,null,184,5864
0009ed13859f3e4190a5,1662299731966,2022-09-04 10:55:31.966,9138,null,181,5862
0009ed13859f3e4190a5,1662301493909,2022-09-04 11:24:53.909,9141,null,177,5859
0009ed13859f3e4190a5,1662303422595,2022-09-04 11:57:02.595,9147,null,167,5853
0009ed13859f3e4190a5,1662303683530,2022-09-04 12:01:23.530,9147,null,167,5853
0009ed13859f3e4190a5,1662304485187,2022-09-04 12:14:45.187,9151,null,170,5849
0009ed13859f3e4190a5,1662308682862,2022-09-04 13:24:42.862,9152,null,170,5848
0009ed13859f3e4190a5,1662309653989,2022-09-04 13:40:53.989,9153,null,168,5847
0009ed13859f3e4190a5,1662327632873,2022-09-04 18:40:32.873,9195,null,167,5805
0009ed13859f3e4190a5,1662334168378,2022-09-04 20:29:28.378,9234,null,118,5766
0009ed13859f3e4190a5,1662334952441,2022-09-04 20:42:32.441,9238,null,110,5762
0009ed13859f3e4190a5,1662337963692,2022-09-04 21:32:43.692,9282,null,59,5718
0009ed13859f3e4190a5,1662338124810,2022-09-04 21:35:24.810,9282,null,58,5718
0009ed13859f3e4190a5,1662338246963,2022-09-04 21:37:26.963,9282,null,57,5718
0009ed13859f3e4190a5,1662338297796,2022-09-04 21:38:17.796,9282,null,57,5718
0009ed13859f3e4190a5,1662338591200,2022-09-04 21:43:11.200,9282,null,57,5718
0009ed13859f3e4190a5,1662338598887,2022-09-04 21:43:18.887,9282,null,57,5718
0009ed13859f3e4190a5,1662338606949,2022-09-04 21:43:26.949,9282,null,57,5718
0009ed13859f3e4190a5,1662341542841,2022-09-04 22:32:22.841,9282,null,58,5718
0009ed13859f3e4190a5,1662341611991,2022-09-04 22:33:31.991,9282,null,58,5718
0009ed13859f3e4190a5,1662341618789,2022-09-04 22:33:38.789,9282,null,58,5718
0009ed13859f3e4190a5,1662341887868,2022-09-04 22:38:07.868,9282,null,58,5718
0009ed13859f3e4190a5,1662341942115,2022-09-04 22:39:02.115,9282,null,58,5718
0009ed13859f3e4190a5,1662341955944,2022-09-04 22:39:15.944,9282,null,58,5718
0009ed13859f3e4190a5,1662341971914,2022-09-04 22:39:31.914,9282,null,58,5718
0009ed13859f3e4190a5,1662342011937,2022-09-04 22:40:11.937,9282,null,58,5718
0009ed13859f3e4190a5,1662342096973,2022-09-04 22:41:36.973,9283,null,58,5717
0009ed13859f3e4190a5,1662343801853,2022-09-04 23:10:01.853,9283,null,58,5717
0009ed13859f3e4190a5,1662401419957,2022-09-05 15:10:19.957,9283,null,58,5717
0009ed13859f3e4190a5,1662478423273,2022-09-06 12:33:43.273,9283,null,59,5717
0009ed13859f3e4190a5,1662479359122,2022-09-06 12:49:19.122,9283,null,59,5717
0009ed13859f3e4190a5,1662482245815,2022-09-06 13:37:25.815,9283,null,58,5717
0009ed13859f3e4190a5,1662500979371,2022-09-06 18:49:39.371,9283,null,260,5717
0009ed13859f3e4190a5,1662501012064,2022-09-06 18:50:12.064,9283,null,260,5717
0009ed13859f3e4190a5,1662501027603,2022-09-06 18:50:27.603,9283,null,260,5717
0009ed13859f3e4190a5,1662510211008,2022-09-06 21:23:31.008,9283,null,260,5717
0009ed13859f3e4190a5,1662560502433,2022-09-07 11:21:42.433,9283,null,260,5717
0009ed13859f3e4190a5,1662560510961,2022-09-07 11:21:50.961,9283,null,260,5717
0009ed13859f3e4190a5,1662560554935,2022-09-07 11:22:34.935,9283,null,260,5717
0009ed13859f3e4190a5,1662560746171,2022-09-07 11:25:46.171,9283,null,260,5717
0009ed13859f3e4190a5,1662560755234,2022-09-07 11:25:55.234,9283,null,260,5717
0009ed13859f3e4190a5,1662638522139,2022-09-08 09:02:02.139,9298,null,253,5702
0009ed13859f3e4190a5,1662638533538,2022-09-08 09:02:13.538,9298,null,253,5702
0009ed13859f3e4190a5,1662639463981,2022-09-08 09:17:43.981,9301,null,272,5699
0009ed13859f3e4190a5,1662639524888,2022-09-08 09:18:44.888,9301,null,272,5699
0009ed13859f3e4190a5,1662639632271,2022-09-08 09:20:32.271,9301,null,272,5699
0009ed13859f3e4190a5,1662649291614,2022-09-08 12:01:31.614,9350,null,190,5650
0009ed13859f3e4190a5,1662649540294,2022-09-08 12:05:40.294,9350,null,190,5650
0009ed13859f3e4190a5,1662650668237,2022-09-08 12:24:28.237,9350,null,162,5650
0009ed13859f3e4190a5,1662720872004,2022-09-09 07:54:32.004,9350,null,162,5650
0009ed13859f3e4190a5,1662730247285,2022-09-09 10:30:47.285,9350,null,162,5650
0009ed13859f3e4190a5,1662730356644,2022-09-09 10:32:36.644,9350,null,162,5650
0009ed13859f3e4190a5,1662730619624,2022-09-09 10:36:59.624,9350,null,162,5650
0009ed13859f3e4190a5,1662732305180,2022-09-09 11:05:05.180,9354,null,164,5646
0009ed13859f3e4190a5,1662735178516,2022-09-09 11:52:58.516,9368,null,150,5632
0009ed13859f3e4190a5,1662744536587,2022-09-09 14:28:56.587,9393,null,112,5607
0009ed13859f3e4190a5,1662749550169,2022-09-09 15:52:30.169,9457,null,61,5543
0009ed13859f3e4190a5,1662752174448,2022-09-09 16:36:14.448,9457,null,61,5543
0009ed13859f3e4190a5,1662753932324,2022-09-09 17:05:32.324,9457,null,59,5543
0009ed13859f3e4190a5,1662754966757,2022-09-09 17:22:46.757,9457,null,59,5543
0009ed13859f3e4190a5,1662760052363,2022-09-09 18:47:32.363,9472,null,44,5528
0009ed13859f3e4190a5,1662760291814,2022-09-09 18:51:31.814,9472,null,43,5528
0009ed13859f3e4190a5,1662760523379,2022-09-09 18:55:23.379,9472,null,42,5528
0009ed13859f3e4190a5,1662760684953,2022-09-09 18:58:04.953,9472,null,42,5528
0009ed13859f3e4190a5,1662809969260,2022-09-10 08:39:29.260,9472,null,42,5528
0009ed13859f3e4190a5,1662811710396,2022-09-10 09:08:30.396,9472,null,42,5528
0009ed13859f3e4190a5,1662812997649,2022-09-10 09:29:57.649,9472,null,42,5528
0009ed13859f3e4190a5,1662813653684,2022-09-10 09:40:53.684,9472,null,42,5528
0009ed13859f3e4190a5,1663150555400,2022-09-14 07:15:55.400,9472,null,260,5528
0009ed13859f3e4190a5,1663157981411,2022-09-14 09:19:41.411,9572,null,163,5428
0009ed13859f3e4190a5,1663157990620,2022-09-14 09:19:50.620,9572,null,163,5428
0009ed13859f3e4190a5,1663158111075,2022-09-14 09:21:51.075,9572,null,163,5428
0009ed13859f3e4190a5,1663158664714,2022-09-14 09:31:04.714,9574,null,159,5426
0009ed13859f3e4190a5,1663158690898,2022-09-14 09:31:30.898,9574,null,159,5426
00176c4973894886ca43,1662043691552,2022-09-01 11:48:11.552,6234,36,394,5766
00176c4973894886ca43,1662043857183,2022-09-01 11:50:57.183,6234,36,390,5766
00176c4973894886ca43,1662044419238,2022-09-01 12:00:19.238,6234,35,383,5766
00176c4973894886ca43,1662044466143,2022-09-01 12:01:06.143,6234,35,383,5766
00176c4973894886ca43,1662044583947,2022-09-01 12:03:03.947,6234,35,382,5766
00176c4973894886ca43,1662049540678,2022-09-01 13:25:40.678,6241,34,366,5759
00176c4973894886ca43,1662052564093,2022-09-01 14:16:04.093,6243,34,364,5757
00176c4973894886ca43,1662054923054,2022-09-01 14:55:23.054,6245,33,349,5755
00176c4973894886ca43,1662124897391,2022-09-02 10:21:37.391,6247,33,335,5753
00176c4973894886ca43,1662124987468,2022-09-02 10:23:07.468,6247,33,335,5753
00176c4973894886ca43,1662127911502,2022-09-02 11:11:51.502,6254,32,323,5746
00176c4973894886ca43,1662128464526,2022-09-02 11:21:04.526,6254,31,315,5746
00176c4973894886ca43,1662128794118,2022-09-02 11:26:34.118,6254,31,314,5746
00176c4973894886ca43,1662130679863,2022-09-02 11:57:59.863,6262,30,299,5738
00176c4973894886ca43,1662139528520,2022-09-02 14:25:28.520,6273,30,297,5727
00176c4973894886ca43,1662142506888,2022-09-02 15:15:06.888,6284,28,283,5716
00176c4973894886ca43,1662150462107,2022-09-02 17:27:42.107,6286,28,274,5714
00176c4973894886ca43,1662203714351,2022-09-03 08:15:14.351,6298,26,255,5702
00176c4973894886ca43,1662203853867,2022-09-03 08:17:33.867,6298,25,253,5702
00176c4973894886ca43,1662213040443,2022-09-03 10:50:40.443,6312,22,212,5688
00176c4973894886ca43,1662304693955,2022-09-04 12:18:13.955,6314,22,210,5686
00176c4973894886ca43,1662313616775,2022-09-04 14:46:56.775,6315,22,203,5685
00176c4973894886ca43,1662387385534,2022-09-05 11:16:25.534,6317,21,199,5683
00176c4973894886ca43,1662387923923,2022-09-05 11:25:23.923,6317,21,null,5683
00176c4973894886ca43,1662388637791,2022-09-05 11:37:17.791,6319,21,188,5681
00176c4973894886ca43,1662389451562,2022-09-05 11:50:51.562,6321,19,179,5679
00176c4973894886ca43,1662464814612,2022-09-06 08:46:54.612,6327,18,162,5673
00176c4973894886ca43,1662467322509,2022-09-06 09:28:42.509,6328,18,158,5672
00176c4973894886ca43,1662468897546,2022-09-06 09:54:57.546,6328,18,158,5672
00176c4973894886ca43,1662470782874,2022-09-06 10:26:22.874,6332,17,148,5668
00176c4973894886ca43,1662562809591,2022-09-07 12:00:09.591,6334,16,141,5666
00176c4973894886ca43,1662563111867,2022-09-07 12:05:11.867,6336,15,130,5664
00176c4973894886ca43,1662572633351,2022-09-07 14:43:53.351,6337,15,128,5663
00176c4973894886ca43,1662572911533,2022-09-07 14:48:31.533,6338,15,126,5662
00176c4973894886ca43,1662638420460,2022-09-08 09:00:20.460,6338,15,125,5662
00176c4973894886ca43,1662639726463,2022-09-08 09:22:06.463,6340,15,123,5660
00176c4973894886ca43,1662641605711,2022-09-08 09:53:25.711,6342,14,122,5658
00176c4973894886ca43,1662729632769,2022-09-09 10:20:32.769,6344,13,114,5656
00176c4973894886ca43,1662730938780,2022-09-09 10:42:18.780,6345,13,111,5655
00176c4973894886ca43,1662731139594,2022-09-09 10:45:39.594,6345,13,111,5655
00176c4973894886ca43,1662733485059,2022-09-09 11:24:45.059,6346,12,107,5654
00176c4973894886ca43,1662750589966,2022-09-09 16:09:49.966,6346,12,103,5654
00176c4973894886ca43,1662764010899,2022-09-09 19:53:30.899,6352,10,85,5648
00176c4973894886ca43,1662766841036,2022-09-09 20:40:41.036,6358,9,74,5642
00176c4973894886ca43,1662808662892,2022-09-10 08:17:42.892,6358,9,74,5642
00176c4973894886ca43,1662812475200,2022-09-10 09:21:15.200,6358,9,74,5642
00176c4973894886ca43,1662819278838,2022-09-10 11:14:38.838,6399,39,293,5601
00176c4973894886ca43,1662819415122,2022-09-10 11:16:55.122,6399,39,293,5601
00176c4973894886ca43,1662853090043,2022-09-10 20:38:10.043,6448,33,257,5552
00176c4973894886ca43,1662924591418,2022-09-11 16:29:51.418,6448,33,257,5552
00176c4973894886ca43,1662938710872,2022-09-11 20:25:10.872,6448,33,257,5552
00176c4973894886ca43,1662989705506,2022-09-12 10:35:05.506,6450,31,245,5550
00176c4973894886ca43,1662997397322,2022-09-12 12:43:17.322,6491,26,206,5509
00176c4973894886ca43,1663069906644,2022-09-13 08:51:46.644,6494,25,197,5506
00176c4973894886ca43,1663076787460,2022-09-13 10:46:27.460,6496,24,188,5504
00176c4973894886ca43,1663077371332,2022-09-13 10:56:11.332,6496,24,187,5504
00176c4973894886ca43,1663078378329,2022-09-13 11:12:58.329,6497,24,182,5503
00176c4973894886ca43,1663161952928,2022-09-14 10:25:52.928,6499,23,181,5501
00176c4973894886ca43,1663163559266,2022-09-14 10:52:39.266,6501,22,167,5499
00176c4973894886ca43,1663172477692,2022-09-14 13:21:17.692,6502,22,166,5498
0022bce2ad006326afe7,1662028549091,2022-09-01 07:35:49.091,9317,44,455,2683
0022bce2ad006326afe7,1662044739440,2022-09-01 12:05:39.440,9324,44,455,2676
0022bce2ad006326afe7,1662045887207,2022-09-01 12:24:47.207,9326,43,446,2674
0022bce2ad006326afe7,1662049850158,2022-09-01 13:30:50.158,9333,42,432,2667
0022bce2ad006326afe7,1662066352961,2022-09-01 18:05:52.961,9341,41,425,2659
0022bce2ad006326afe7,1662072807627,2022-09-01 19:53:27.627,9345,40,409,2655
0022bce2ad006326afe7,1662072828447,2022-09-01 19:53:48.447,9345,40,409,2655
0022bce2ad006326afe7,1662077515474,2022-09-01 21:11:55.474,9353,40,409,2647
0022bce2ad006326afe7,1662080747710,2022-09-01 22:05:47.710,9358,39,393,2642
0022bce2ad006326afe7,1662081406318,2022-09-01 22:16:46.318,9359,39,393,2641
0022bce2ad006326afe7,1662114999823,2022-09-02 07:36:39.823,9367,37,379,2633
0022bce2ad006326afe7,1662131139774,2022-09-02 12:05:39.774,9375,37,380,2625
0022bce2ad006326afe7,1662136736731,2022-09-02 13:38:56.731,9383,36,370,2617
0022bce2ad006326afe7,1662152793056,2022-09-02 18:06:33.056,9391,35,363,2609
0022bce2ad006326afe7,1662154038421,2022-09-02 18:27:18.421,9395,34,352,2605
0022bce2ad006326afe7,1662154445188,2022-09-02 18:34:05.188,9398,34,345,2602
0022bce2ad006326afe7,1662169022864,2022-09-02 22:37:02.864,9401,34,341,2599
0022bce2ad006326afe7,1662169596844,2022-09-02 22:46:36.844,9405,33,334,2595
0022bce2ad006326afe7,1662175627643,2022-09-03 00:27:07.643,9409,33,331,2591
0022bce2ad006326afe7,1662180280671,2022-09-03 01:44:40.671,9426,31,310,2574
0022bce2ad006326afe7,1662291299199,2022-09-04 08:34:59.199,9427,30,295,2573
0022bce2ad006326afe7,1662297588715,2022-09-04 10:19:48.715,9564,12,112,2436
0022bce2ad006326afe7,1662305041353,2022-09-04 12:24:01.353,9567,10,103,2433
0022bce2ad006326afe7,1662310461651,2022-09-04 13:54:21.651,9570,10,96,2430
0022bce2ad006326afe7,1662317236757,2022-09-04 15:47:16.757,9574,9,84,2426
0022bce2ad006326afe7,1662322886699,2022-09-04 17:21:26.699,9576,9,84,2424
0022bce2ad006326afe7,1662327129732,2022-09-04 18:32:09.732,9592,6,63,2408
0022bce2ad006326afe7,1662331495616,2022-09-04 19:44:55.616,9707,20,212,2293
0022bce2ad006326afe7,1662331882850,2022-09-04 19:51:22.850,9708,19,209,2292
0022bce2ad006326afe7,1662374122876,2022-09-05 07:35:22.876,9716,18,192,2284
0022bce2ad006326afe7,1662390537041,2022-09-05 12:08:57.041,9723,17,180,2277
0022bce2ad006326afe7,1662395983718,2022-09-05 13:39:43.718,9731,15,165,2269
0022bce2ad006326afe7,1662413147659,2022-09-05 18:25:47.659,9743,15,155,2257
0022bce2ad006326afe7,1662414467810,2022-09-05 18:47:47.810,9751,13,136,2249
0022bce2ad006326afe7,1662418542653,2022-09-05 19:55:42.653,9754,12,127,2246
0022bce2ad006326afe7,1662420128231,2022-09-05 20:22:08.231,9759,10,105,2241
0022bce2ad006326afe7,1662460542919,2022-09-06 07:35:42.919,9766,9,98,2234
0022bce2ad006326afe7,1662476985837,2022-09-06 12:09:45.837,9774,9,98,2226
0022bce2ad006326afe7,1662482151882,2022-09-06 13:35:51.882,9782,7,78,2218
0022bce2ad006326afe7,1662497999797,2022-09-06 17:59:59.797,9790,6,66,2210
0022bce2ad006326afe7,1662506593506,2022-09-06 20:23:13.506,9791,6,66,2209
0022bce2ad006326afe7,1662511480902,2022-09-06 21:44:40.902,9804,3,36,2196
0022bce2ad006326afe7,1662571986770,2022-09-07 14:33:06.770,9806,3,36,2194
0022bce2ad006326afe7,1662573712970,2022-09-07 15:01:52.970,9815,60,593,2185
0022bce2ad006326afe7,1662579930669,2022-09-07 16:45:30.669,9819,60,592,2181
0022bce2ad006326afe7,1662582272291,2022-09-07 17:24:32.291,9825,60,591,2175
0022bce2ad006326afe7,1662582310093,2022-09-07 17:25:10.093,9825,60,591,2175
0022bce2ad006326afe7,1662582539388,2022-09-07 17:28:59.388,9825,60,591,2175
0022bce2ad006326afe7,1662589436315,2022-09-07 19:23:56.315,9830,60,589,2170
0022bce2ad006326afe7,1662594757921,2022-09-07 20:52:37.921,9835,60,589,2165
0022bce2ad006326afe7,1662633189745,2022-09-08 07:33:09.745,9842,59,583,2158
0022bce2ad006326afe7,1662649447519,2022-09-08 12:04:07.519,9850,59,583,2150
0022bce2ad006326afe7,1662653568216,2022-09-08 13:12:48.216,9851,59,580,2149
0022bce2ad006326afe7,1662654510602,2022-09-08 13:28:30.602,9858,58,569,2142
0022bce2ad006326afe7,1662671749900,2022-09-08 18:15:49.900,9865,58,571,2135
0022bce2ad006326afe7,1662672262313,2022-09-08 18:24:22.313,9866,57,565,2134
0022bce2ad006326afe7,1662673243795,2022-09-08 18:40:43.795,9869,57,564,2131
0022bce2ad006326afe7,1662675728489,2022-09-08 19:22:08.489,9870,57,564,2130
0022bce2ad006326afe7,1662676051040,2022-09-08 19:27:31.040,9871,57,561,2129
0022bce2ad006326afe7,1662679299485,2022-09-08 20:21:39.485,9878,56,554,2122
0022bce2ad006326afe7,1662719591637,2022-09-09 07:33:11.637,9885,55,544,2115
0022bce2ad006326afe7,1662727366556,2022-09-09 09:42:46.556,9885,55,543,2115
0022bce2ad006326afe7,1662736099708,2022-09-09 12:08:19.708,9893,54,542,2107
0022bce2ad006326afe7,1662742051674,2022-09-09 13:47:31.674,9915,52,501,2085
0022bce2ad006326afe7,1662758049124,2022-09-09 18:14:09.124,9924,51,491,2076
0022bce2ad006326afe7,1662758767347,2022-09-09 18:26:07.347,9924,50,490,2076
0022bce2ad006326afe7,1662761099937,2022-09-09 19:04:59.937,9932,49,480,2068
0022bce2ad006326afe7,1662762047776,2022-09-09 19:20:47.776,9938,49,472,2062
0022bce2ad006326afe7,1662776713031,2022-09-09 23:25:13.031,9947,48,471,2053
0022bce2ad006326afe7,1662850391482,2022-09-10 19:53:11.482,9956,48,465,2044
0022bce2ad006326afe7,1662857457923,2022-09-10 21:50:57.923,9961,47,463,2039
0022bce2ad006326afe7,1662900067901,2022-09-11 09:41:07.901,9965,47,457,2035
0022bce2ad006326afe7,1662902147583,2022-09-11 10:15:47.583,9969,45,440,2031
0022bce2ad006326afe7,1662910626638,2022-09-11 12:37:06.638,9970,45,431,2030
0022bce2ad006326afe7,1662913753889,2022-09-11 13:29:13.889,9974,45,428,2026
0022bce2ad006326afe7,1662916340786,2022-09-11 14:12:20.786,9977,45,428,2023
0022bce2ad006326afe7,1662919195997,2022-09-11 14:59:55.997,9995,42,395,2005
0022bce2ad006326afe7,1662979047935,2022-09-12 07:37:27.935,10003,41,383,1997
0022bce2ad006326afe7,1662995440456,2022-09-12 12:10:40.456,10011,40,382,1989
0022bce2ad006326afe7,1663000716075,2022-09-12 13:38:36.075,10019,39,365,1981
0022bce2ad006326afe7,1663023263929,2022-09-12 19:54:23.929,10023,38,360,1977
0022bce2ad006326afe7,1663024093240,2022-09-12 20:08:13.240,10028,38,362,1972
0022bce2ad006326afe7,1663065161813,2022-09-13 07:32:41.813,10036,37,350,1964
0022bce2ad006326afe7,1663081578622,2022-09-13 12:06:18.622,10042,36,345,1958
0022bce2ad006326afe7,1663082468878,2022-09-13 12:21:08.878,10044,36,341,1956
0022bce2ad006326afe7,1663086845016,2022-09-13 13:34:05.016,10051,34,319,1949
0022bce2ad006326afe7,1663103720807,2022-09-13 18:15:20.807,10059,33,314,1941
0022bce2ad006326afe7,1663107414701,2022-09-13 19:16:54.701,10060,33,311,1940
0022bce2ad006326afe7,1663151723977,2022-09-14 07:35:23.977,10067,33,308,1933
0022bce2ad006326afe7,1663167879598,2022-09-14 12:04:39.598,10070,32,306,1930
0022bce2ad006326afe7,1663168531686,2022-09-14 12:15:31.686,10075,31,306,1925
0022bce2ad006326afe7,1663173453424,2022-09-14 13:37:33.424,10083,30,288,1917
00277cd7a10bb6486ed4,1662030837745,2022-09-01 08:13:57.745,10714,19,184,1288
00277cd7a10bb6486ed4,1662033199365,2022-09-01 08:53:19.365,10731,17,165,1271
00277cd7a10bb6486ed4,1662034463032,2022-09-01 09:14:23.032,10734,17,162,1268
00277cd7a10bb6486ed4,1662046953161,2022-09-01 12:42:33.161,10736,16,155,1266
00277cd7a10bb6486ed4,1662047119132,2022-09-01 12:45:19.132,10736,60,564,1266
00277cd7a10bb6486ed4,1662047882428,2022-09-01 12:58:02.428,10737,60,561,1265
00277cd7a10bb6486ed4,1662050805866,2022-09-01 13:46:45.866,10766,60,574,1236
00277cd7a10bb6486ed4,1662115264617,2022-09-02 07:41:04.617,10794,60,585,1208
00277cd7a10bb6486ed4,1662116412776,2022-09-02 08:00:12.776,10797,60,582,1205
00277cd7a10bb6486ed4,1662135847102,2022-09-02 13:24:07.102,10800,60,578,1202
00277cd7a10bb6486ed4,1662136618136,2022-09-02 13:36:58.136,10801,60,575,1201
00277cd7a10bb6486ed4,1662141980516,2022-09-02 15:06:20.516,10815,58,558,1187
00277cd7a10bb6486ed4,1662142562590,2022-09-02 15:16:02.590,10817,58,552,1185
00277cd7a10bb6486ed4,1662232341074,2022-09-03 16:12:21.074,10839,55,540,1163
00277cd7a10bb6486ed4,1662236009443,2022-09-03 17:13:29.443,10840,54,531,1162
00277cd7a10bb6486ed4,1662239464774,2022-09-03 18:11:04.774,10842,54,523,1160
00277cd7a10bb6486ed4,1662270730642,2022-09-04 02:52:10.642,10859,52,506,1143
00277cd7a10bb6486ed4,1662382715579,2022-09-05 09:58:35.579,10866,51,498,1136
00277cd7a10bb6486ed4,1662414786725,2022-09-05 18:53:06.725,10875,51,487,1127
00277cd7a10bb6486ed4,1662466013098,2022-09-06 09:06:53.098,10882,49,466,1120
00277cd7a10bb6486ed4,1662501414476,2022-09-06 18:56:54.476,10890,48,450,1112
00277cd7a10bb6486ed4,1662568974797,2022-09-07 13:42:54.797,10902,48,455,1100
00277cd7a10bb6486ed4,1662580702877,2022-09-07 16:58:22.877,10908,48,455,1094
00277cd7a10bb6486ed4,1662638690353,2022-09-08 09:04:50.353,10925,47,450,1077
00277cd7a10bb6486ed4,1662639166083,2022-09-08 09:12:46.083,10928,46,436,1074
00277cd7a10bb6486ed4,1662639183617,2022-09-08 09:13:03.617,10928,46,436,1074
00277cd7a10bb6486ed4,1662643086746,2022-09-08 10:18:06.746,10929,46,435,1073
00277cd7a10bb6486ed4,1662644499546,2022-09-08 10:41:39.546,10930,45,427,1072
00277cd7a10bb6486ed4,1662645233637,2022-09-08 10:53:53.637,10933,45,425,1069
00277cd7a10bb6486ed4,1662647593930,2022-09-08 11:33:13.930,10935,45,417,1067
00277cd7a10bb6486ed4,1662662118350,2022-09-08 15:35:18.350,10935,45,415,1067
00277cd7a10bb6486ed4,1662663304759,2022-09-08 15:55:04.759,10938,43,401,1064
00277cd7a10bb6486ed4,1662664571745,2022-09-08 16:16:11.745,10940,40,369,1062
00277cd7a10bb6486ed4,1662669341076,2022-09-08 17:35:41.076,10941,40,367,1061
00277cd7a10bb6486ed4,1662674797949,2022-09-08 19:06:37.949,10956,40,363,1046
00277cd7a10bb6486ed4,1662723608888,2022-09-09 08:40:08.888,10973,39,358,1029
00277cd7a10bb6486ed4,1662724247558,2022-09-09 08:50:47.558,10973,39,356,1029
00277cd7a10bb6486ed4,1662726120808,2022-09-09 09:22:00.808,10977,38,340,1025
00277cd7a10bb6486ed4,1662726233402,2022-09-09 09:23:53.402,10977,38,340,1025
00277cd7a10bb6486ed4,1662740446643,2022-09-09 13:20:46.643,10980,37,330,1022
00277cd7a10bb6486ed4,1662741876446,2022-09-09 13:44:36.446,10984,36,313,1018
00277cd7a10bb6486ed4,1662744472741,2022-09-09 14:27:52.741,10999,35,302,1003
00277cd7a10bb6486ed4,1662750936318,2022-09-09 16:15:36.318,11002,34,283,1000
00277cd7a10bb6486ed4,1662751089052,2022-09-09 16:18:09.052,11002,34,282,1000
00277cd7a10bb6486ed4,1662751124876,2022-09-09 16:18:44.876,11002,34,282,1000
00277cd7a10bb6486ed4,1662756179929,2022-09-09 17:42:59.929,11006,33,272,996
00277cd7a10bb6486ed4,1662760350517,2022-09-09 18:52:30.517,11016,31,249,986
00277cd7a10bb6486ed4,1662830233970,2022-09-10 14:17:13.970,11091,24,219,911
00277cd7a10bb6486ed4,1662835426637,2022-09-10 15:43:46.637,11091,24,213,911
00277cd7a10bb6486ed4,1662841504513,2022-09-10 17:25:04.513,11154,16,162,848
00277cd7a10bb6486ed4,1662844235876,2022-09-10 18:10:35.876,11157,15,153,845
00277cd7a10bb6486ed4,1662847603787,2022-09-10 19:06:43.787,11157,15,152,845
00277cd7a10bb6486ed4,1662852693533,2022-09-10 20:31:33.533,11189,12,140,813
00277cd7a10bb6486ed4,1662854334342,2022-09-10 20:58:54.342,11190,12,131,812
00277cd7a10bb6486ed4,1662913949566,2022-09-11 13:32:29.566,11214,9,111,788
00277cd7a10bb6486ed4,1662914020406,2022-09-11 13:33:40.406,11214,9,111,788
00277cd7a10bb6486ed4,1662915715436,2022-09-11 14:01:55.436,11215,9,102,787
00277cd7a10bb6486ed4,1662917430830,2022-09-11 14:30:30.830,11224,8,96,778
00277cd7a10bb6486ed4,1662917517566,2022-09-11 14:31:57.566,11224,8,96,778
00277cd7a10bb6486ed4,1662925186591,2022-09-11 16:39:46.591,11241,6,70,761
00277cd7a10bb6486ed4,1662928855271,2022-09-11 17:40:55.271,11247,5,62,755
00277cd7a10bb6486ed4,1662929382570,2022-09-11 17:49:42.570,11249,4,54,753
00277cd7a10bb6486ed4,1662929529234,2022-09-11 17:52:09.234,11249,60,613,753
00277cd7a10bb6486ed4,1662930635068,2022-09-11 18:10:35.068,11260,60,617,742
00277cd7a10bb6486ed4,1662930661796,2022-09-11 18:11:01.796,11260,60,617,742
00277cd7a10bb6486ed4,1662981109394,2022-09-12 08:11:49.394,11260,60,617,742
00277cd7a10bb6486ed4,1662983052784,2022-09-12 08:44:12.784,11277,60,620,725
00277cd7a10bb6486ed4,1662984465688,2022-09-12 09:07:45.688,11280,60,615,722
00277cd7a10bb6486ed4,1662999765780,2022-09-12 13:22:45.780,11282,60,612,720
00277cd7a10bb6486ed4,1662999908897,2022-09-12 13:25:08.897,11282,60,611,720
00277cd7a10bb6486ed4,1663001936568,2022-09-12 13:58:56.568,11282,60,610,720
00277cd7a10bb6486ed4,1663003259794,2022-09-12 14:20:59.794,11286,60,606,716
00277cd7a10bb6486ed4,1663008895933,2022-09-12 15:54:55.933,11289,60,603,713
00277cd7a10bb6486ed4,1663010299572,2022-09-12 16:18:19.572,11292,60,597,710
00277cd7a10bb6486ed4,1663025034520,2022-09-12 20:23:54.520,11309,60,599,693
00277cd7a10bb6486ed4,1663075597203,2022-09-13 10:26:37.203,11322,57,546,680
00277cd7a10bb6486ed4,1663076122477,2022-09-13 10:35:22.477,11322,57,537,680
00277cd7a10bb6486ed4,1663085569780,2022-09-13 13:12:49.780,11324,56,526,678
00277cd7a10bb6486ed4,1663089321559,2022-09-13 14:15:21.559,11341,54,511,661
00277cd7a10bb6486ed4,1663107423213,2022-09-13 19:17:03.213,11349,53,499,653
00277cd7a10bb6486ed4,1663162453038,2022-09-14 10:34:13.038,11394,49,482,608
002ec6da987f343641bc,1662028950325,2022-09-01 07:42:30.325,36326,5,52,2815
002ec6da987f343641bc,1662029325145,2022-09-01 07:48:45.145,36326,60,703,2815
002ec6da987f343641bc,1662030437289,2022-09-01 08:07:17.289,36333,60,693,2808
002ec6da987f343641bc,1662034624248,2022-09-01 09:17:04.248,36333,60,694,2808
002ec6da987f343641bc,1662035208109,2022-09-01 09:26:48.109,36335,59,689,2806
002ec6da987f343641bc,1662045035660,2022-09-01 12:10:35.660,36352,58,683,2789
002ec6da987f343641bc,1662046885485,2022-09-01 12:41:25.485,36362,56,665,2779
002ec6da987f343641bc,1662050375206,2022-09-01 13:39:35.206,36365,55,649,2776
002ec6da987f343641bc,1662071315840,2022-09-01 19:28:35.840,36372,54,638,2769
002ec6da987f343641bc,1662115286391,2022-09-02 07:41:26.391,36401,51,604,2740
002ec6da987f343641bc,1662116450193,2022-09-02 08:00:50.193,36403,51,602,2738
002ec6da987f343641bc,1662119482878,2022-09-02 08:51:22.878,36405,50,598,2736
002ec6da987f343641bc,1662124082633,2022-09-02 10:08:02.633,36406,50,592,2735
002ec6da987f343641bc,1662126327139,2022-09-02 10:45:27.139,36406,49,585,2735
002ec6da987f343641bc,1662133908760,2022-09-02 12:51:48.760,36434,44,519,2707
002ec6da987f343641bc,1662138562874,2022-09-02 14:09:22.874,36435,44,513,2706
002ec6da987f343641bc,1662140223425,2022-09-02 14:37:03.425,36438,44,512,2703
002ec6da987f343641bc,1662156106047,2022-09-02 19:01:46.047,36441,43,502,2700
002ec6da987f343641bc,1662156293716,2022-09-02 19:04:53.716,36441,43,502,2700
002ec6da987f343641bc,1662157242923,2022-09-02 19:20:42.923,36447,42,495,2694
002ec6da987f343641bc,1662199655512,2022-09-03 07:07:35.512,36459,41,481,2682
002ec6da987f343641bc,1662201364883,2022-09-03 07:36:04.883,36460,41,479,2681
002ec6da987f343641bc,1662201832609,2022-09-03 07:43:52.609,36461,40,472,2680
002ec6da987f343641bc,1662207812475,2022-09-03 09:23:32.475,36481,39,456,2660
002ec6da987f343641bc,1662218324807,2022-09-03 12:18:44.807,36488,38,447,2653
002ec6da987f343641bc,1662220242518,2022-09-03 12:50:42.518,36495,37,442,2646
002ec6da987f343641bc,1662234769761,2022-09-03 16:52:49.761,36512,36,434,2629
002ec6da987f343641bc,1662241621098,2022-09-03 18:47:01.098,36531,34,428,2610
002ec6da987f343641bc,1662242964591,2022-09-03 19:09:24.591,36538,33,411,2603
002ec6da987f343641bc,1662255306479,2022-09-03 22:35:06.479,36545,33,403,2596
002ec6da987f343641bc,1662256549608,2022-09-03 22:55:49.608,36553,32,397,2588
002ec6da987f343641bc,1662288414592,2022-09-04 07:46:54.592,36556,32,392,2585
002ec6da987f343641bc,1662289367684,2022-09-04 08:02:47.684,36559,31,384,2582
002ec6da987f343641bc,1662298951815,2022-09-04 10:42:31.815,36564,31,374,2577
002ec6da987f343641bc,1662298956635,2022-09-04 10:42:36.635,36564,31,null,2577
002ec6da987f343641bc,1662306575685,2022-09-04 12:49:35.685,36570,31,376,2571
002ec6da987f343641bc,1662307854301,2022-09-04 13:10:54.301,36570,30,370,2571
002ec6da987f343641bc,1662328287032,2022-09-04 18:51:27.032,36572,30,364,2569
002ec6da987f343641bc,1662329017958,2022-09-04 19:03:37.958,36573,30,367,2568
002ec6da987f343641bc,1662329991423,2022-09-04 19:19:51.423,36573,30,367,2568
002ec6da987f343641bc,1662330129602,2022-09-04 19:22:09.602,36573,30,362,2568
002ec6da987f343641bc,1662331450199,2022-09-04 19:44:10.199,36575,29,349,2566
002ec6da987f343641bc,1662333157643,2022-09-04 20:12:37.643,36577,28,342,2564
002ec6da987f343641bc,1662333510159,2022-09-04 20:18:30.159,36579,28,340,2562
002ec6da987f343641bc,1662374524558,2022-09-05 07:42:04.558,36606,27,329,2535
002ec6da987f343641bc,1662374529540,2022-09-05 07:42:09.540,36606,27,329,2535
002ec6da987f343641bc,1662374549722,2022-09-05 07:42:29.722,36606,27,329,2535
002ec6da987f343641bc,1662375360554,2022-09-05 07:56:00.554,36606,27,325,2535
002ec6da987f343641bc,1662390433682,2022-09-05 12:07:13.682,36620,26,319,2521
002ec6da987f343641bc,1662392484574,2022-09-05 12:41:24.574,36633,24,301,2508
002ec6da987f343641bc,1662393711787,2022-09-05 13:01:51.787,36633,24,300,2508
002ec6da987f343641bc,1662395011184,2022-09-05 13:23:31.184,36642,23,285,2499
002ec6da987f343641bc,1662395633574,2022-09-05 13:33:53.574,36642,22,285,2499
002ec6da987f343641bc,1662403998645,2022-09-05 15:53:18.645,36646,23,282,2495
002ec6da987f343641bc,1662407626052,2022-09-05 16:53:46.052,36646,23,282,2495
002ec6da987f343641bc,1662407629976,2022-09-05 16:53:49.976,36646,23,null,2495
002ec6da987f343641bc,1662408550548,2022-09-05 17:09:10.548,36650,22,268,2491
002ec6da987f343641bc,1662416405687,2022-09-05 19:20:05.687,36657,22,266,2484
002ec6da987f343641bc,1662461244612,2022-09-06 07:47:24.612,36684,19,233,2457
002ec6da987f343641bc,1662476554891,2022-09-06 12:02:34.891,36700,18,216,2441
002ec6da987f343641bc,1662478496967,2022-09-06 12:34:56.967,36713,16,202,2428
002ec6da987f343641bc,1662479366702,2022-09-06 12:49:26.702,36714,16,202,2427
002ec6da987f343641bc,1662480973767,2022-09-06 13:16:13.767,36719,16,195,2422
002ec6da987f343641bc,1662482390803,2022-09-06 13:39:50.803,36723,15,189,2418
002ec6da987f343641bc,1662506025036,2022-09-06 20:13:45.036,36728,15,176,2413
002ec6da987f343641bc,1662506730546,2022-09-06 20:25:30.546,36733,13,167,2408
002ec6da987f343641bc,1662544187573,2022-09-07 06:49:47.573,36735,13,159,2406
002ec6da987f343641bc,1662547041498,2022-09-07 07:37:21.498,36736,13,156,2405
002ec6da987f343641bc,1662548030608,2022-09-07 07:53:50.608,36736,13,155,2405
002ec6da987f343641bc,1662550128637,2022-09-07 08:28:48.637,36750,12,138,2391
002ec6da987f343641bc,1662553498608,2022-09-07 09:24:58.608,36755,11,126,2386
002ec6da987f343641bc,1662565389571,2022-09-07 12:43:09.571,36764,10,112,2377
002ec6da987f343641bc,1662573100090,2022-09-07 14:51:40.090,36766,9,105,2375
002ec6da987f343641bc,1662588208052,2022-09-07 19:03:28.052,36768,9,103,2373
002ec6da987f343641bc,1662589163896,2022-09-07 19:19:23.896,36773,60,709,2368
002ec6da987f343641bc,1662591595983,2022-09-07 19:59:55.983,36784,59,710,2357
002ec6da987f343641bc,1662593150534,2022-09-07 20:25:50.534,36784,59,708,2357
002ec6da987f343641bc,1662601461654,2022-09-07 22:44:21.654,36790,58,703,2351
002ec6da987f343641bc,1662602549721,2022-09-07 23:02:29.721,36796,58,706,2345
002ec6da987f343641bc,1662633491455,2022-09-08 07:38:11.455,36823,55,680,2318
002ec6da987f343641bc,1662638849217,2022-09-08 09:07:29.217,36824,55,676,2317
002ec6da987f343641bc,1662639064736,2022-09-08 09:11:04.736,36825,54,669,2316
002ec6da987f343641bc,1662641691823,2022-09-08 09:54:51.823,36826,54,659,2315
002ec6da987f343641bc,1662649716835,2022-09-08 12:08:36.835,36842,52,651,2299
002ec6da987f343641bc,1662650237538,2022-09-08 12:17:17.538,36843,52,644,2298
002ec6da987f343641bc,1662652797889,2022-09-08 12:59:57.889,36854,50,611,2287
002ec6da987f343641bc,1662658364794,2022-09-08 14:32:44.794,36857,50,610,2284
002ec6da987f343641bc,1662658493948,2022-09-08 14:34:53.948,36857,49,607,2284
002ec6da987f343641bc,1662660855334,2022-09-08 15:14:15.334,36857,49,605,2284
002ec6da987f343641bc,1662662533529,2022-09-08 15:42:13.529,36859,49,596,2282
002ec6da987f343641bc,1662675945677,2022-09-08 19:25:45.677,36869,46,561,2272
002ec6da987f343641bc,1662720933673,2022-09-09 07:55:33.673,36900,43,518,2241
002ec6da987f343641bc,1662724662664,2022-09-09 08:57:42.664,36903,42,500,2238
002ec6da987f343641bc,1662731409879,2022-09-09 10:50:09.879,36907,40,481,2234
002ec6da987f343641bc,1662735985665,2022-09-09 12:06:25.665,36923,40,474,2218
002ec6da987f343641bc,1662736306069,2022-09-09 12:11:46.069,36923,40,474,2218
002ec6da987f343641bc,1662737859627,2022-09-09 12:37:39.627,36936,39,461,2205
002ec6da987f343641bc,1662738623239,2022-09-09 12:50:23.239,36936,38,458,2205
002ec6da987f343641bc,1662741433942,2022-09-09 13:37:13.942,36945,36,431,2196
002ec6da987f343641bc,1662750128151,2022-09-09 16:02:08.151,36948,37,436,2193
002ec6da987f343641bc,1662754075599,2022-09-09 17:07:55.599,36949,36,428,2192
002ec6da987f343641bc,1662761814675,2022-09-09 19:16:54.675,36958,36,425,2183
002ec6da987f343641bc,1662773473447,2022-09-09 22:31:13.447,36964,35,415,2177
002ec6da987f343641bc,1662774596473,2022-09-09 22:49:56.473,36971,34,408,2170
002ec6da987f343641bc,1662804658235,2022-09-10 07:10:58.235,36978,33,390,2163
002ec6da987f343641bc,1662806378040,2022-09-10 07:39:38.040,36979,33,384,2162
002ec6da987f343641bc,1662809047473,2022-09-10 08:24:07.473,36987,33,388,2154
002ec6da987f343641bc,1662822566629,2022-09-10 12:09:26.629,36994,31,371,2147
002ec6da987f343641bc,1662825219558,2022-09-10 12:53:39.558,37002,30,362,2139
002ec6da987f343641bc,1662837788353,2022-09-10 16:23:08.353,37002,30,358,2139
002ec6da987f343641bc,1662839015024,2022-09-10 16:43:35.024,37009,30,350,2132
002ec6da987f343641bc,1662847114875,2022-09-10 18:58:34.875,37018,28,331,2123
002ec6da987f343641bc,1662891062849,2022-09-11 07:11:02.849,37020,27,323,2121
002ec6da987f343641bc,1662895074338,2022-09-11 08:17:54.338,37021,27,316,2120
002ec6da987f343641bc,1662895898324,2022-09-11 08:31:38.324,37021,27,312,2120
002ec6da987f343641bc,1662898690558,2022-09-11 09:18:10.558,37021,27,312,2120
002ec6da987f343641bc,1662899809492,2022-09-11 09:36:49.492,37029,26,296,2112
002ec6da987f343641bc,1662909645398,2022-09-11 12:20:45.398,37037,27,304,2104
002ec6da987f343641bc,1662912122806,2022-09-11 13:02:02.806,37044,26,297,2097
002ec6da987f343641bc,1662927707572,2022-09-11 17:21:47.572,37044,26,297,2097
002ec6da987f343641bc,1662927919157,2022-09-11 17:25:19.157,37044,26,297,2097
002ec6da987f343641bc,1662928133400,2022-09-11 17:28:53.400,37044,26,296,2097
002ec6da987f343641bc,1662928453909,2022-09-11 17:34:13.909,37045,25,289,2096
002ec6da987f343641bc,1662936680863,2022-09-11 19:51:20.863,37052,24,276,2089
002ec6da987f343641bc,1662977211368,2022-09-12 07:06:51.368,37066,24,280,2075
002ec6da987f343641bc,1662979562372,2022-09-12 07:46:02.372,37080,22,258,2061
002ec6da987f343641bc,1662983010046,2022-09-12 08:43:30.046,37081,22,254,2060
002ec6da987f343641bc,1662995354212,2022-09-12 12:09:14.212,37097,21,245,2044
002ec6da987f343641bc,1662996951854,2022-09-12 12:35:51.854,37110,19,235,2031
002ec6da987f343641bc,1662998947256,2022-09-12 13:09:07.256,37115,19,230,2026
002ec6da987f343641bc,1663000855661,2022-09-12 13:40:55.661,37118,19,220,2023
002ec6da987f343641bc,1663015489432,2022-09-12 17:44:49.432,37119,18,220,2022
002ec6da987f343641bc,1663016796500,2022-09-12 18:06:36.500,37120,18,211,2021
002ec6da987f343641bc,1663021543407,2022-09-12 19:25:43.407,37130,17,198,2011
002ec6da987f343641bc,1663027479493,2022-09-12 21:04:39.493,37137,16,188,2004
002ec6da987f343641bc,1663028145503,2022-09-12 21:15:45.503,37138,16,183,2003
002ec6da987f343641bc,1663029571524,2022-09-12 21:39:31.524,37146,15,178,1995
002ec6da987f343641bc,1663063489526,2022-09-13 07:04:49.526,37160,15,170,1981
002ec6da987f343641bc,1663065288638,2022-09-13 07:34:48.638,37172,13,157,1969
002ec6da987f343641bc,1663066156377,2022-09-13 07:49:16.377,37176,60,725,1965
002ec6da987f343641bc,1663066886579,2022-09-13 08:01:26.579,37177,60,723,1964
002ec6da987f343641bc,1663066891703,2022-09-13 08:01:31.703,37177,60,723,1964
002ec6da987f343641bc,1663073904691,2022-09-13 09:58:24.691,37205,58,728,1936
002ec6da987f343641bc,1663110152614,2022-09-13 20:02:32.614,37248,53,649,1893
002ec6da987f343641bc,1663119767516,2022-09-13 22:42:47.516,37255,52,639,1886
002ec6da987f343641bc,1663149922368,2022-09-14 07:05:22.368,37268,49,608,1873
002ec6da987f343641bc,1663152507253,2022-09-14 07:48:27.253,37283,47,582,1858
002ec6da987f343641bc,1663154279547,2022-09-14 08:17:59.547,37284,46,572,1857
002ec6da987f343641bc,1663165902513,2022-09-14 11:31:42.513,37285,46,572,1856
002ec6da987f343641bc,1663167771410,2022-09-14 12:02:51.410,37300,46,567,1841
002ec6da987f343641bc,1663170328289,2022-09-14 12:45:28.289,37318,43,534,1823
002ec6da987f343641bc,1663171409833,2022-09-14 13:03:29.833,37321,41,513,1820
