VIN,ALTITUDE,BEARING,HORPOSERROR,LATITUDE,LONGITUDE,ORIGIN,RESPONSE,TIMESTAMP
0009ed13859f3e4190a5,802.50000000000000000,0,1,-19.6592559814453120000,-43.9418830871582000,SQDF,SUCCESS,2021-09-07 14:21:41.116
0009ed13859f3e4190a5,802.70001220703120000,0,1,-19.6592426300048830000,-43.9418716430664060,SQDF,SUCCESS,2021-09-07 14:21:48.820
0009ed13859f3e4190a5,807.59997558593750000,0,1,-19.6592235565185550000,-43.9418563842773440,SQDF,SUCCESS,2021-09-07 14:22:32.116
0009ed13859f3e4190a5,807.00000000000000000,0,1,-19.6592235565185550000,-43.9418640136718750,SQDF,SUCCESS,2021-09-07 14:25:44.903
0009ed13859f3e4190a5,806.40002441406250000,0,1,-19.6592311859130860000,-43.9418640136718750,SQDF,SUCCESS,2021-09-07 14:25:54.523
0009ed13859f3e4190a5,797.09997558593750000,0,1,-19.659412384033203,-43.9415588378906250,SQDF,SUCCESS,2021-09-05 00:32:42.258
0009ed13859f3e4190a5,796.50000000000000000,0,1,-19.6594295501709,-43.9415130615234400,SQDF,SUCCESS,2021-09-05 00:35:24.440
0009ed13859f3e4190a5,797.40002441406250000,0,1,-19.659425735473633,-43.9415283203125000,SQDF,SUCCESS,2021-09-05 00:37:26.088
0009ed13859f3e4190a5,797.09997558593750000,0,1,-19.659425735473633,-43.9415206909179700,SQDF,SUCCESS,2021-09-05 00:38:17.367
0009ed13859f3e4190a5,801.90002441406250000,0,1,-19.659181594848633,-43.9415664672851560,SQDF,SUCCESS,2021-09-05 00:43:10.218
0009ed13859f3e4190a5,800.40002441406250000,0,1,-19.659189224243164,-43.9415626525878900,SQDF,SUCCESS,2021-09-05 00:43:18.513
0009ed13859f3e4190a5,800.29998779296880000,0,1,-19.65918731689453,-43.9415626525878900,SQDF,SUCCESS,2021-09-05 00:43:26.160
0009ed13859f3e4190a5,789.20001220703120000,0,1,-19.659128189086914,-43.9415855407714840,SQDF,SUCCESS,2021-09-05 01:32:22.398
0009ed13859f3e4190a5,790.29998779296880000,0,1,-19.659116744995117,-43.9416732788085940,SQDF,SUCCESS,2021-09-05 01:33:31.449
0009ed13859f3e4190a5,791.59997558593750000,0,1,-19.65912437438965,-43.9416809082031250,SQDF,SUCCESS,2022-09-05 01:33:37.723
0009ed13859f3e4190a5,796.40002441406250000,0,1,-19.65912628173828,-43.9416923522949200,SQDF,SUCCESS,2022-09-05 01:38:06.838
0009ed13859f3e4190a5,798.50000000000000000,0,1,-19.659122467041016,-43.9416961669921900,SQDF,SUCCESS,2022-09-05 01:39:01.458
0009ed13859f3e4190a5,798.50000000000000000,0,1,-19.659122467041016,-43.9416961669921900,SQDF,SUCCESS,2022-09-05 01:39:15.530
0009ed13859f3e4190a5,798.59997558593750000,0,1,-19.659122467041016,-43.9416961669921900,SQDF,SUCCESS,2022-09-05 01:39:30.763
0009ed13859f3e4190a5,799.20001220703120000,0,1,-19.659135818481445,-43.9416961669921900,SQDF,SUCCESS,2022-09-05 01:40:10.766
0009ed13859f3e4190a5,799.40002441406250000,0,1,-19.659177780151367,-43.9416084289550800,SQDF,SUCCESS,2022-09-05 01:41:36.482
0009ed13859f3e4190a5,673.70001220703120000,333,1,-19.57950210571289,-43.9176216125488300,SQDF,SUCCESS,2022-09-08 12:15:43.950
0009ed13859f3e4190a5,673.20001220703120000,0,1,-19.57868194580078,-43.9182281494140600,SQDF,SUCCESS,2022-09-08 12:16:27.126
0009ed13859f3e4190a5,684.40002441406250000,0,1,-19.580114364624023,-43.9182205200195300,SQDF,SUCCESS,2022-09-08 12:18:32.519
0009ed13859f3e4190a5,681.29998779296880000,0,1,-19.580108642578125,-43.9181938171386700,SQDF,SUCCESS,2022-09-08 12:20:31.543
0009ed13859f3e4190a5,756.00000000000000000,157,1,-20.0051574707031250000,-44.1781425476074200,SQDF,SUCCESS,2022-09-09 17:49:08.477
0009ed13859f3e4190a5,792.29998779296880000,127,1,-19.6595249176025400000,-43.9400405883789060,SQDF,SUCCESS,2022-09-08 11:21:23.522
0009ed13859f3e4190a5,734.79998779296880000,0,1,-19.6041927337646500000,-43.9074478149414060,SQDF,SUCCESS,2022-09-08 11:43:53.652
0009ed13859f3e4190a5,734.59997558593750000,0,1,-19.6041927337646500000,-43.9074363708496100,SQDF,SUCCESS,2022-09-08 11:44:19.044
0009ed13859f3e4190a5,735.70001220703120000,0,1,-19.62952423095703,-43.88823699951172,SQDF,SUCCESS,2022-09-04 21:40:31.082
0009ed13859f3e4190a5,832.59997558593750000,0,2,-19.8787231445312500000,-44.000507354736330,SQDF,SUCCESS,2022-09-03 22:49:13.593
0009ed13859f3e4190a5,832.59997558593750000,0,2,-19.8787231445312500000,-44.000507354736330,SQDF,SUCCESS,2022-09-03 22:49:18.846
0009ed13859f3e4190a5,832.79998779296880000,0,2,-19.8787231445312500000,-44.000499725341800,SQDF,SUCCESS,2022-09-03 23:00:42.366
0009ed13859f3e4190a5,818.79998779296880000,0,1,-19.878976821899414,-44.0049972534179700,SQDF,SUCCESS,2022-09-04 16:24:42.480
0009ed13859f3e4190a5,844.00000000000000000,0,4,-19.87871742248535,-44.0004882812500000,SQDF,SUCCESS,2022-09-04 16:40:53.508
0009ed13859f3e4190a5,844.00000000000000000,0,4,-19.87871742248535,-44.0004882812500000,SQDF,SUCCESS,2022-09-04 16:40:59.504
0009ed13859f3e4190a5,811.40002441406250000,0,1,-19.6592483520507800000,-43.941806793212890,SQDF,SUCCESS,2022-09-07 00:23:29.807
0009ed13859f3e4190a5,883.79998779296880000,0,1,-19.9283046722412100000,-43.930976867675780,SQDF,SUCCESS,2022-09-09 20:22:45.140
0009ed13859f3e4190a5,869.40002441406250000,9,1,-19.9283618927001950000,-43.930675506591800,SQDF,SUCCESS,2022-09-09 21:00:36.167
0009ed13859f3e4190a5,792.70001220703120000,0,1,-19.6592483520507800000,-43.941864013671875,SQDF,SUCCESS,2022-09-05 18:10:19.239
0009ed13859f3e4190a5,803.09997558593750000,0,1,-19.659242630004883,-43.941818237304690,SQDF,SUCCESS,2022-09-06 21:49:37.997
0009ed13859f3e4190a5,803.20001220703120000,0,1,-19.659242630004883,-43.941818237304690,SQDF,SUCCESS,2022-09-06 21:50:09.682
0009ed13859f3e4190a5,806.59997558593750000,0,1,-19.65923500061035,-43.941806793212890,SQDF,SUCCESS,2022-09-06 21:50:25.942
0009ed13859f3e4190a5,869.70001220703120000,0,1,-19.901700973510742,-44.0124778747558600,SQDF,SUCCESS,2022-09-04 14:57:00.688
0009ed13859f3e4190a5,869.29998779296880000,0,1,-19.901702880859375,-44.0124626159668000,SQDF,SUCCESS,2022-09-04 15:01:21.949
0009ed13859f3e4190a5,837.29998779296880000,0,2,-19.878686904907227,-44.0004768371582000,SQDF,SUCCESS,2022-09-04 15:14:44.591
0009ed13859f3e4190a5,1115.00000000000000000,0,1,-19.974924087524414,-43.9457817077636700,SQDF,SUCCESS,2022-09-09 14:52:56.923
0009ed13859f3e4190a5,0.00000000000000000,0,0,-19.9301681518554700000,-43.9409713745117200,SQDF,SUCCESS,2022-09-10 11:39:28.424
0009ed13859f3e4190a5,0.00000000000000000,0,0,-19.9298801422119140000,-43.9411087036132800,SQDF,SUCCESS,2022-09-10 12:08:30.085
0009ed13859f3e4190a5,876.70001220703120000,0,4,-19.92992401123047,-43.9408340454101560,SQDF,SUCCESS,2022-09-09 21:47:31.172
0009ed13859f3e4190a5,877.29998779296880000,0,2,-19.92992401123047,-43.9408340454101560,SQDF,SUCCESS,2022-09-09 21:51:18.760
0009ed13859f3e4190a5,879.70001220703120000,0,2,-19.92991065979004,-43.9408187866210940,SQDF,SUCCESS,2022-09-09 21:55:22.568
0009ed13859f3e4190a5,865.90002441406250000,314,500,-19.930139541625977,-43.9410781860351560,SQDF,SUCCESS,2022-09-09 21:58:03.393
0009ed13859f3e4190a5,878.00000000000000000,296,4,-19.93020248413086,-43.9408760070800800,SQDF,SUCCESS,2022-09-08 15:05:39.237
0009ed13859f3e4190a5,880.50000000000000000,0,4,-19.929643630981445,-43.9409828186035160,SQDF,SUCCESS,2022-09-08 15:23:30.096
0009ed13859f3e4190a5,880.79998779296880000,0,500,-19.929643630981445,-43.9409790039062500,SQDF,SUCCESS,2022-09-08 15:24:27.229
0009ed13859f3e4190a5,789.79998779296880000,0,2,-19.65932273864746,-43.9418220520019500,SQDF,SUCCESS,2022-09-02 20:50:16.760
0009ed13859f3e4190a5,804.20001220703120000,0,500,-19.65926170349121,-43.9417724609375000,SQDF,SUCCESS,2022-09-02 20:50:28.837
0009ed13859f3e4190a5,790.90002441406250000,0,1,-19.659324645996094,-43.941879272460940,SQDF,SUCCESS,2022-09-03 21:50:14.741
0009ed13859f3e4190a5,801.00000000000000000,135,1,-19.6761932373046880000,-43.90858840942383,SQDF,SUCCESS,2022-09-03 22:00:58.523
0009ed13859f3e4190a5,0.00000000000000000,0,0,-19.929872512817383,-43.9408760070800800,SQDF,SUCCESS,2022-09-09 10:51:08.259
0009ed13859f3e4190a5,0.00000000000000000,0,0,-19.92997932434082,-43.9410362243652340,SQDF,SUCCESS,2022-09-09 10:54:31.176
0009ed13859f3e4190a5,803.40002441406250000,0,2,-19.659231185913086,-43.941829681396484,SQDF,SUCCESS,2022-09-06 15:49:17.982
0009ed13859f3e4190a5,806.70001220703120000,0,1,-19.659231185913086,-43.941864013671875,SQDF,SUCCESS,2022-09-06 16:37:24.031
0009ed13859f3e4190a5,941.50000000000000000,0,1,-19.95400047302246,-44.025279998779300,SQDF,SUCCESS,2022-09-09 17:28:10.190
0009ed13859f3e4190a5,0.00000000000000000,0,0,-19.9299736022949220000,-43.9409942626953100,SQDF,SUCCESS,2022-09-09 13:36:57.796
0009ed13859f3e4190a5,876.09997558593750000,58,1,-19.9313640594482420000,-43.9343833923339840,SQDF,SUCCESS,2022-09-09 13:47:40.836
0009ed13859f3e4190a5,876.20001220703120000,0,1,-19.9288234710693360000,-43.9310569763183600,SQDF,SUCCESS,2022-09-09 14:05:03.860
0009ed13859f3e4190a5,798.59997558593750000,0,1,-19.6592559814453120000,-43.9418678283691400,SQDF,SUCCESS,2022-09-06 15:33:42.183
0009ed13859f3e4190a5,828.29998779296880000,0,2,-19.8787193298339840000,-44.000488281250000,SQDF,SUCCESS,2022-09-04 02:34:04.660
0009ed13859f3e4190a5,868.29998779296880000,0,1,-19.928241729736328,-43.930770874023440,SQDF,SUCCESS,2022-09-09 18:52:29.390
0009ed13859f3e4190a5,681.29998779296880000,64,1,-19.57872772216797,-43.9186515808105500,SQDF,SUCCESS,2022-09-08 13:41:01.316
0009ed13859f3e4190a5,877.70001220703120000,236,5,-19.92996597290039,-43.9410324096679700,SQDF,SUCCESS,2022-09-08 15:01:29.755
0009ed13859f3e4190a5,1154.19995117187500000,313,1,-19.9858493804931640000,-43.944969177246094,SQDF,SUCCESS,2022-09-09 16:17:11.770
0009ed13859f3e4190a5,878.70001220703120000,0,2,-19.9282341003417970000,-43.930858612060550,SQDF,SUCCESS,2022-09-09 19:36:13.123
0009ed13859f3e4190a5,879.00000000000000000,0,1,-19.9283313751220700000,-43.930980682373050,SQDF,SUCCESS,2022-09-09 20:05:31.040
0009ed13859f3e4190a5,821.20001220703120000,192,1,-19.8896198272705080000,-44.007526397705080,SQDF,SUCCESS,2022-09-04 13:21:25.287
0009ed13859f3e4190a5,879.40002441406250000,0,1,-19.9018478393554700000,-44.014762878417970,SQDF,SUCCESS,2022-09-04 13:29:24.715
0009ed13859f3e4190a5,858.59997558593750000,0,1,-19.8980064392089840000,-44.005298614501950,SQDF,SUCCESS,2022-09-04 13:43:44.307
0009ed13859f3e4190a5,855.59997558593750000,14,1,-19.8967876434326170000,-44.005813598632810,SQDF,SUCCESS,2022-09-04 13:47:56.332
0009ed13859f3e4190a5,833.40002441406250000,0,1,-19.8867263793945300000,-44.005485534667970,SQDF,SUCCESS,2022-09-04 13:55:31.527
0009ed13859f3e4190a5,823.29998779296880000,0,1,-19.8747234344482420000,-43.993736267089844,SQDF,SUCCESS,2022-09-04 14:24:52.008
0009ed13859f3e4190a5,0.00000000000000000,0,0,-19.9299259185791000000,-43.941055297851560,SQDF,SUCCESS,2022-09-10 12:29:57.421
0009ed13859f3e4190a5,0.00000000000000000,0,0,-19.9299201965332030000,-43.941108703613280,SQDF,SUCCESS,2022-09-10 12:40:53.481
0009ed13859f3e4190a5,0.00000000000000000,0,0,-19.92997932434082,-43.9410362243652340,SQDF,SUCCESS,2022-09-09 13:30:46.060
0009ed13859f3e4190a5,0.00000000000000000,0,0,-19.92997932434082,-43.9410324096679700,SQDF,SUCCESS,2022-09-09 13:32:34.875
0009ed13859f3e4190a5,802.59997558593750000,0,1,-19.659208297729492,-43.941825866699220,SQDF,SUCCESS,2022-09-03 17:33:03.586
0009ed13859f3e4190a5,836.70001220703120000,0,1,-19.8788585662841800000,-44.000785827636720,SQDF,SUCCESS,2022-09-04 23:29:27.053
0009ed13859f3e4190a5,871.70001220703120000,0,1,-19.9017124176025400000,-44.012474060058594,SQDF,SUCCESS,2022-09-04 23:42:31.039
0009ed13859f3e4190a5,839.50000000000000000,204,2,-19.879011154174805,-44.000686645507810,SQDF,SUCCESS,2022-09-03 23:59:57.649
0009ed13859f3e4190a5,834.29998779296880000,47,1,-19.87754249572754,-43.996044158935550,SQDF,SUCCESS,2022-09-04 00:02:18.670
0009ed13859f3e4190a5,832.59997558593750000,0,2,-19.87872314453125,-44.000507354736330,SQDF,SUCCESS,2022-09-04 00:07:17.980
0009ed13859f3e4190a5,798.70001220703120000,0,1,-19.879772186279297,-43.928630828857420,SQDF,SUCCESS,2022-09-04 00:56:26.442
0009ed13859f3e4190a5,798.40002441406250000,359,1,-19.659337997436523000,-43.941856384277344,SQDF,SUCCESS,2022-09-05 02:09:34.384
0009ed13859f3e4190a5,799.20001220703120000,0,1,-19.659254074096680000,-43.941856384277344,SQDF,SUCCESS,2022-09-05 02:10:01.017
00176c4973894886ca43,745.20001220703120000,199,1,-23.4633235931396500000,-46.5796356201171900,SQDF,SUCCESS,2022-09-07 14:33:43.907
00176c4973894886ca43,751.20001220703120000,198,500,-23.4666748046875000000,-46.5810317993164060,SQDF,SUCCESS,2022-09-07 15:00:09.078
00176c4973894886ca43,745.40002441406250000,0,1,-23.460742950439453,-46.57258987426758,SQDF,SUCCESS,2022-09-12 15:43:16.646
00176c4973894886ca43,789.09997558593750000,0,1,-23.5505199432373050000,-46.369319915771484,SQDF,SUCCESS,2021-09-10 14:14:38.085
00176c4973894886ca43,789.90002441406250000,0,1,-23.5505123138427730000,-46.369312286376950,SQDF,SUCCESS,2021-09-10 14:16:54.624
00176c4973894886ca43,737.29998779296880000,342,5,-23.46071434020996,-46.5726089477539060,SQDF,SUCCESS,2021-09-11 19:29:50.182
00176c4973894886ca43,745.59997558593750000,183,1,-23.46506690979004,-46.5803260803222660,SQDF,SUCCESS,2021-09-02 13:11:00.065
00176c4973894886ca43,734.59997558593750000,253,1,-23.473276138305664,-46.5676727294921900,SQDF,SUCCESS,2021-09-08 12:21:10.987
00176c4973894886ca43,735.79998779296880000,0,1,-23.47412109375,-46.5706176757812500,SQDF,SUCCESS,2021-09-08 12:22:05.691
00176c4973894886ca43,732.29998779296880000,74,1,-23.4580287933349600000,-46.568031311035156,SQDF,SUCCESS,2021-09-09 22:28:31.164
00176c4973894886ca43,740.00000000000000000,0,2,-23.4607334136962900000,-46.5726470947265600,SQDF,SUCCESS,2021-09-08 11:39:16.545
00176c4973894886ca43,749.59997558593750000,0,1,-23.468101501464844,-46.5804023742675800,SQDF,SUCCESS,2021-09-02 13:21:36.886
00176c4973894886ca43,749.50000000000000000,269,1,-23.468175888061523,-46.5804557800293000,SQDF,SUCCESS,2021-09-02 13:23:06.977
00176c4973894886ca43,751.79998779296880000,0,1,-23.4607734680175780000,-46.5725898742675800,SQDF,SUCCESS,2021-09-06 13:26:21.739
00176c4973894886ca43,745.79998779296880000,0,1,-23.460742950439453,-46.5725860595703100,SQDF,SUCCESS,2021-09-01 16:25:30.047
00176c4973894886ca43,744.90002441406250000,357,1,-23.4607791900634770000,-46.572601318359375,SQDF,SUCCESS,2021-09-04 17:46:55.526
00176c4973894886ca43,744.00000000000000000,357,1,-23.460773468017578000,-46.57258605957031,SQDF,SUCCESS,2021-09-02 17:52:20.811
00176c4973894886ca43,742.50000000000000000,247,1,-23.45929718017578,-46.5728759765625000,SQDF,SUCCESS,2021-09-04 15:16:42.943
00176c4973894886ca43,740.50000000000000000,0,1,-23.460161209106445,-46.5774040222168000,SQDF,SUCCESS,2021-09-04 15:18:13.191
00176c4973894886ca43,743.40002441406250000,0,1,-23.460729598999023,-46.5726127624511700,SQDF,SUCCESS,2022-09-09 14:24:43.930
00176c4973894886ca43,751.50000000000000000,350,5,-23.4607467651367200000,-46.5725517272949200,SQDF,SUCCESS,2022-09-10 11:17:42.617
00176c4973894886ca43,740.90002441406250000,248,1,-23.4618759155273440000,-46.5764694213867200,SQDF,SUCCESS,2022-09-06 11:16:39.821
00176c4973894886ca43,772.40002441406250000,0,1,-23.4917640686035160000,-46.5914344787597660,SQDF,SUCCESS,2022-09-06 11:46:53.973
00176c4973894886ca43,745.50000000000000000,247,1,-23.462848663330078,-46.5789451599121100,SQDF,SUCCESS,2022-09-03 10:40:34.888
00176c4973894886ca43,726.20001220703120000,0,1,-23.540693283081055,-46.6287612915039060,SQDF,SUCCESS,2022-09-03 11:15:12.775
00176c4973894886ca43,728.09997558593750000,0,1,-23.540464401245117,-46.6286125183105500,SQDF,SUCCESS,2022-09-03 11:17:32.294
00176c4973894886ca43,747.70001220703120000,0,1,-23.4615039825439450000,-46.5806388854980500,SQDF,SUCCESS,2022-09-09 13:42:17.985
00176c4973894886ca43,740.90002441406250000,0,1,-23.4601898193359380000,-46.5774688720703100,SQDF,SUCCESS,2022-09-09 13:45:38.687
00176c4973894886ca43,761.79998779296880000,0,1,-23.4407539367675780000,-46.541156768798830,SQDF,SUCCESS,2022-09-09 22:53:29.691
00176c4973894886ca43,748.90002441406250000,234,1,-23.46476173400879,-46.5782089233398440,SQDF,SUCCESS,2022-09-12 13:24:16.855
00176c4973894886ca43,741.40002441406250000,0,1,-23.460105895996094,-46.5819320678710940,SQDF,SUCCESS,2022-09-12 13:35:04.934
00176c4973894886ca43,740.59997558593750000,0,2,-23.460739135742188,-46.572544097900390,SQDF,SUCCESS,2022-09-09 19:09:48.328
00176c4973894886ca43,736.59997558593750000,0,1,-23.472839355468750000,-46.56698226928711,SQDF,SUCCESS,2022-09-01 17:08:14.188
00176c4973894886ca43,735.29998779296880000,0,1,-23.474174499511720000,-46.570533752441406,SQDF,SUCCESS,2022-09-01 17:16:02.313
00176c4973894886ca43,732.79998779296880000,0,1,-23.503250122070312000,-46.6223831176757800,SQDF,SUCCESS,2022-09-02 14:11:51.166
00176c4973894886ca43,745.20001220703120000,0,1,-23.503240585327150000,-46.6222763061523440,SQDF,SUCCESS,2022-09-02 14:21:04.178
00176c4973894886ca43,741.70001220703120000,0,1,-23.503269195556640000,-46.6222038269043000,SQDF,SUCCESS,2022-09-02 14:26:33.829
00176c4973894886ca43,742.90002441406250000,0,1,-23.460735321044922,-46.572582244873050,SQDF,SUCCESS,2022-09-10 23:38:08.975
00176c4973894886ca43,743.40002441406250000,0,1,-23.4607601165771500000,-46.57258987426758,SQDF,SUCCESS,2022-09-01 17:55:21.814
00176c4973894886ca43,745.79998779296880000,0,1,-23.4607620239257800000,-46.572597503662110,SQDF,SUCCESS,2022-09-03 13:50:39.684
00176c4973894886ca43,736.40002441406250000,176,1,-23.4881725311279300000,-46.5596313476562500,SQDF,SUCCESS,2022-09-02 17:13:34.103
00176c4973894886ca43,734.50000000000000000,0,1,-23.5279159545898440000,-46.5771408081054700,SQDF,SUCCESS,2022-09-02 17:25:26.901
00176c4973894886ca43,747.59997558593750000,0,1,-23.460765838623047,-46.5726013183593750,SQDF,SUCCESS,2022-09-08 12:53:25.116
00176c4973894886ca43,745.29998779296880000,0,1,-23.46015930175781200000,-46.577392578125,SQDF,SUCCESS,2022-09-07 15:05:11.140
00176c4973894886ca43,764.00000000000000000,126,1,-23.48613929748535,-46.5924720764160160,SQDF,SUCCESS,2022-09-06 12:28:41.839
00176c4973894886ca43,768.59997558593750000,0,1,-23.486125946044922,-46.5924949645996100,SQDF,SUCCESS,2022-09-06 12:54:57.208
00176c4973894886ca43,744.79998779296880000,0,1,-23.460735321044922,-46.572597503662110,SQDF,SUCCESS,2022-09-02 14:57:59.258
00176c4973894886ca43,746.59997558593750000,0,1,-23.4602642059326170000,-46.571872711181640,SQDF,SUCCESS,2022-09-10 12:21:14.846
00176c4973894886ca43,744.29998779296880000,212,1,-23.4616050720214840000,-46.572387695312500,SQDF,SUCCESS,2022-09-10 12:26:42.301
00176c4973894886ca43,736.59997558593750000,76,1,-23.458009719848633,-46.5668411254882800,SQDF,SUCCESS,2022-09-01 14:28:31.145
00176c4973894886ca43,762.50000000000000000,0,1,-23.465757369995117,-46.5291290283203100,SQDF,SUCCESS,2022-09-01 14:48:10.615
00176c4973894886ca43,762.40002441406250000,0,1,-23.46567726135254,-46.5290374755859400,SQDF,SUCCESS,2022-09-01 14:50:55.084
00176c4973894886ca43,774.40002441406250000,0,1,-23.463109970092773,-46.5340843200683600,SQDF,SUCCESS,2022-09-01 15:00:17.877
00176c4973894886ca43,775.59997558593750000,0,1,-23.46319007873535,-46.5342025756835940,SQDF,SUCCESS,2022-09-01 15:01:05.611
00176c4973894886ca43,772.70001220703120000,0,1,-23.463205337524414,-46.5341339111328100,SQDF,SUCCESS,2022-09-01 15:03:01.892
00176c4973894886ca43,752.79998779296880000,190,1,-23.4675235748291,-46.5819206237793000,SQDF,SUCCESS,2022-09-09 13:19:52.200
00176c4973894886ca43,751.29998779296880000,0,1,-23.46763801574707,-46.5812492370605500,SQDF,SUCCESS,2022-09-09 13:20:31.458
00176c4973894886ca43,748.20001220703120000,0,1,-23.46095085144043,-46.5754394531250000,SQDF,SUCCESS,2022-09-07 17:43:31.725
00176c4973894886ca43,747.79998779296880000,0,2,-23.460824966430664,-46.5725708007812500,SQDF,SUCCESS,2022-09-07 17:48:30.995
00176c4973894886ca43,744.09997558593750000,0,1,-23.4607276916503900000,-46.572555541992190,SQDF,SUCCESS,2022-09-09 23:40:39.636
00176c4973894886ca43,759.00000000000000000,26,1,-23.54267120361328,-46.369449615478516,SQDF,SUCCESS,2022-09-10 21:37:02.956
00176c4973894886ca43,739.70001220703120000,0,1,-23.460735321044922,-46.572582244873050,SQDF,SUCCESS,2022-09-02 20:06:45.354
00176c4973894886ca43,737.09997558593750000,75,1,-23.45794105529785,-46.5667724609375000,SQDF,SUCCESS,2022-09-13 11:46:35.354
00176c4973894886ca43,744.59997558593750000,6,1,-23.463050842285156,-46.5824127197265600,SQDF,SUCCESS,2022-09-05 14:15:21.566
00176c4973894886ca43,738.40002441406250000,0,2,-23.46017837524414,-46.5820007324218750,SQDF,SUCCESS,2022-09-05 14:16:24.901
00176c4973894886ca43,739.20001220703120000,0,1,-23.46017837524414,-46.5820007324218750,SQDF,SUCCESS,2022-09-05 14:25:22.870
00176c4973894886ca43,747.00000000000000000,202,1,-23.464271545410156,-46.5833244323730500,SQDF,SUCCESS,2022-09-05 14:28:15.003
00176c4973894886ca43,736.90002441406250000,0,1,-23.474149703979492,-46.5705909729003900,SQDF,SUCCESS,2022-09-05 14:37:16.301
00176c4973894886ca43,745.59997558593750000,0,1,-23.460716247558594,-46.5726127624511700,SQDF,SUCCESS,2022-09-05 14:50:51.184
00176c4973894886ca43,752.59997558593750000,0,1,-23.4508228302001950000,-46.5605621337890600,SQDF,SUCCESS,2022-09-13 11:51:45.888
00176c4973894886ca43,750.70001220703120000,112,5,-23.450777053833008,-46.5605392456054700,SQDF,SUCCESS,2022-09-13 13:41:38.790
00176c4973894886ca43,744.09997558593750000,0,2,-23.458072662353516,-46.5639228820800800,SQDF,SUCCESS,2022-09-13 13:46:26.009
00176c4973894886ca43,740.79998779296880000,187,2,-23.45732879638672,-46.5654487609863300,SQDF,SUCCESS,2022-09-13 13:56:10.496
00176c4973894886ca43,748.09997558593750000,0,1,-23.460742950439453,-46.5726127624511700,SQDF,SUCCESS,2022-09-13 14:12:57.483
00176c4973894886ca43,742.00000000000000000,0,2,-23.46075439453125,-46.5725860595703100,SQDF,SUCCESS,2022-09-11 23:25:09.190
0022bce2ad006326afe7,10.80000019073486300,0,1,-26.3243618011474600000,-48.8621940612793,SQDF,SUCCESS,2022-09-04 11:34:57.352
0022bce2ad006326afe7,10.00000000000000000,264,1,-26.3246822357177730000,-48.86479187011719,SQDF,SUCCESS,2022-09-04 11:56:43.517
0022bce2ad006326afe7,8.10000038146972700,343,1,-26.304344177246094,-48.8417625427246100,SQDF,SUCCESS,2022-09-05 22:55:40.773
0022bce2ad006326afe7,907.50000000000000000,258,1,-25.427635192871094,-49.2221221923828100,SQDF,SUCCESS,2022-09-04 20:21:25.892
0022bce2ad006326afe7,10.30000019073486300,0,1,-26.334972381591797,-48.847434997558594,SQDF,SUCCESS,2022-09-08 21:15:48.553
0022bce2ad006326afe7,9.69999980926513700,2,1,-26.33212661743164,-48.852359771728516,SQDF,SUCCESS,2022-09-08 21:24:20.563
0022bce2ad006326afe7,11.80000019073486300,307,500,-26.2542686462402340000,-48.852787017822266,SQDF,SUCCESS,2022-09-09 22:20:46.888
0022bce2ad006326afe7,911.29998779296880000,0,1,-25.541030883789062,-49.191707611083984,SQDF,SUCCESS,2022-09-04 21:32:08.466
0022bce2ad006326afe7,7.59999990463256800,267,1,-26.331058502197266,-48.84797286987305,SQDF,SUCCESS,2022-09-11 16:27:59.197
0022bce2ad006326afe7,9.30000019073486300,0,1,-26.332073211669922,-48.852447509765625,SQDF,SUCCESS,2022-09-11 16:29:12.429
0022bce2ad006326afe7,9.60000038146972700,0,1,-26.29472541809082,-48.849925994873050,SQDF,SUCCESS,2022-09-03 01:32:33.393
0022bce2ad006326afe7,21.60000038146972700,183,1,-26.300640106201172,-48.864444732666016,SQDF,SUCCESS,2022-09-03 01:37:02.094
0022bce2ad006326afe7,10.50000000000000000,0,1,-26.309894561767578,-48.842727661132810,SQDF,SUCCESS,2022-09-03 01:46:35.415
0022bce2ad006326afe7,910.59997558593750000,0,1,-25.4276123046875,-49.2221260070800800,SQDF,SUCCESS,2022-09-04 16:54:20.563
0022bce2ad006326afe7,13.10000038146972700,0,1,-26.303508758544922,-48.831623077392580,SQDF,SUCCESS,2022-09-07 19:45:29.889
0022bce2ad006326afe7,12.50000000000000000,0,1,-26.33209991455078,-48.852447509765625,SQDF,SUCCESS,2022-09-03 03:27:06.385
0022bce2ad006326afe7,10.80000019073486300,0,1,-26.332107543945312,-48.85243225097656,SQDF,SUCCESS,2022-09-03 04:44:39.483
0022bce2ad006326afe7,-11.89999961853027300,0,500,-26.2545223236084000000,-48.852371215820310,SQDF,SUCCESS,2022-09-10 02:08:12.992
0022bce2ad006326afe7,10.10000038146972700,0,1,-26.332075119018555,-48.85243225097656,SQDF,SUCCESS,2022-09-07 23:52:37.138
0022bce2ad006326afe7,28.39999961853027300,0,1,-26.3832874298095700000,-48.8213577270507800,SQDF,SUCCESS,2022-09-13 16:34:04.082
0022bce2ad006326afe7,18.00000000000000000,0,1,-26.33718490600586,-48.8473625183105500,SQDF,SUCCESS,2022-09-08 16:12:46.811
0022bce2ad006326afe7,29.60000038146972700,0,1,-26.383241653442383,-48.8214302062988300,SQDF,SUCCESS,2022-09-08 16:28:29.127
0022bce2ad006326afe7,894.20001220703120000,157,1,-25.41728973388672,-49.2131652832031250,SQDF,SUCCESS,2022-09-04 15:23:10.744
0022bce2ad006326afe7,894.29998779296880000,0,1,-25.417085647583008,-49.2123565673828100,SQDF,SUCCESS,2022-09-04 15:24:00.056
0022bce2ad006326afe7,,,,,,SDPR,,2022-09-02 16:31:33.801
0022bce2ad006326afe7,22.29999923706054700,138,2,-26.362998962402344,-48.83879089355469,OnDemand,SUCCESS,2022-09-02 16:31:33.787
0022bce2ad006326afe7,,,,,,SDPR,,2022-09-02 16:32:05.385
0022bce2ad006326afe7,25.79999923706054700,161,2,-26.365272521972656,-48.83724594116211,OnDemand,SUCCESS,2022-09-02 16:32:04.929
0022bce2ad006326afe7,,,,,,SDPR,,2022-09-02 16:32:24.619
0022bce2ad006326afe7,30.60000038146972700,143,2,-26.36658477783203,-48.83658981323242,OnDemand,SUCCESS,2022-09-02 16:32:24.299
0022bce2ad006326afe7,,,,,,SDPR,,2022-09-02 16:32:49.954
0022bce2ad006326afe7,34.59999847412109400,138,2,-26.36806869506836,-48.83431625366211,OnDemand,SUCCESS,2022-09-02 16:32:49.298
0022bce2ad006326afe7,25.50000000000000000,0,1,-26.383195877075195,-48.82188415527344,SQDF,SUCCESS,2022-09-02 16:38:55.933
0022bce2ad006326afe7,28.60000038146972700,303,1,-26.366945266723633,-48.8360748291015600,SQDF,SUCCESS,2022-09-09 14:59:12.730
0022bce2ad006326afe7,11.89999961853027300,0,1,-26.33209800720215,-48.8523674011230500,SQDF,SUCCESS,2022-09-09 15:08:19.085
0022bce2ad006326afe7,7.50000000000000000,319,1,-26.282339096069336,-48.8365592956543000,SQDF,SUCCESS,2022-09-09 22:04:58.449
0022bce2ad006326afe7,19.00000000000000000,0,1,-26.33213233947754,-48.8523788452148440,SQDF,SUCCESS,2022-09-08 15:04:05.659
0022bce2ad006326afe7,24.10000038146972700,0,1,-26.383222579956055,-48.82203674316406,SQDF,SUCCESS,2022-09-01 16:30:49.678
0022bce2ad006326afe7,9.10000038146972700,0,1,-26.33209991455078,-48.8524475097656250,SQDF,SUCCESS,2022-09-02 20:58:53.448
0022bce2ad006326afe7,7.30000019073486300,0,1,-26.304353713989258,-48.8418083190918,SQDF,SUCCESS,2022-09-02 21:26:50.592
0022bce2ad006326afe7,6.50000000000000000,0,1,-26.292522430419922,-48.84535598754883,SQDF,SUCCESS,2022-09-02 21:34:03.808
0022bce2ad006326afe7,11.80000019073486300,0,1,-26.3320922851562500000,-48.8524436950683600,SQDF,SUCCESS,2022-09-01 21:04:38.212
0022bce2ad006326afe7,,,,,,SDPR,,2022-09-01 21:10:08.357
0022bce2ad006326afe7,11.89999961853027300,0,2,-26.3320922851562500000,-48.8524436950683600,OnDemand,SUCCESS,2022-09-01 21:10:06.563
0022bce2ad006326afe7,20.29999923706054700,154,1,-26.343917846679688,-48.8471946716308600,SQDF,SUCCESS,2022-09-09 10:23:13.429
0022bce2ad006326afe7,23.60000038146972700,0,1,-26.38328742980957,-48.8213500976562500,SQDF,SUCCESS,2022-09-09 10:33:11.031
0022bce2ad006326afe7,7.90000009536743200,0,1,-26.3094539642334000000,-48.851203918457030,SQDF,SUCCESS,2022-09-01 22:53:26.249
0022bce2ad006326afe7,8.89999961853027300,45,1,-26.3092823028564450000,-48.851169586181640,SQDF,SUCCESS,2022-09-01 22:53:46.693
0022bce2ad006326afe7,8.39999961853027300,357,1,-26.32352066040039,-48.842304229736330,SQDF,SUCCESS,2022-09-10 22:37:49.808
0022bce2ad006326afe7,9.80000019073486300,0,1,-26.29047203063965,-48.849819183349610,SQDF,SUCCESS,2022-09-10 22:53:11.143
0022bce2ad006326afe7,,,,,,SDPR,,2022-09-06 16:30:32.574
0022bce2ad006326afe7,32.50000000000000000,142,2,-26.3685302734375,-48.833885192871094,OnDemand,SUCCESS,2022-09-06 16:30:33.540
0022bce2ad006326afe7,,,,,,SDPR,,2022-09-06 16:30:47.145
0022bce2ad006326afe7,31.20000076293945300,0,2,-26.36913299560547,-48.83324432373047,OnDemand,SUCCESS,2022-09-06 16:30:47.800
0022bce2ad006326afe7,,,,,,SDPR,,2022-09-06 16:31:28.886
0022bce2ad006326afe7,20.39999961853027300,96,2,-26.367612838745117,-48.83061599731445,OnDemand,SUCCESS,2022-09-06 16:31:29.428
0022bce2ad006326afe7,,,,,,SDPR,,2022-09-06 16:31:42.523
0022bce2ad006326afe7,18.79999923706054700,93,2,-26.367692947387695,-48.82946014404297,OnDemand,SUCCESS,2022-09-06 16:31:43.145
0022bce2ad006326afe7,,,,,,SDPR,,2022-09-06 16:32:08.686
0022bce2ad006326afe7,18.50000000000000000,154,2,-26.368677139282227,-48.82791519165039,OnDemand,SUCCESS,2022-09-06 16:32:09.292
0022bce2ad006326afe7,,,,,,SDPR,,2022-09-06 16:32:28.812
0022bce2ad006326afe7,20.29999923706054700,153,2,-26.37134552001953,-48.8261604309082,OnDemand,SUCCESS,2022-09-06 16:32:30.007
0022bce2ad006326afe7,,,,,,SDPR,,2022-09-06 16:32:53.512
0022bce2ad006326afe7,25.79999923706054700,169,2,-26.374500274658203,-48.82453155517578,OnDemand,SUCCESS,2022-09-06 16:32:54.754
0022bce2ad006326afe7,25.79999923706054700,0,1,-26.38333511352539,-48.821327209472656,SQDF,SUCCESS,2022-09-06 16:35:50.956
0022bce2ad006326afe7,25.70000076293945300,0,1,-26.38324737548828,-48.821388244628906,SQDF,SUCCESS,2022-09-09 16:47:29.916
0022bce2ad006326afe7,19.29999923706054700,89,1,-26.3439579010009770000,-48.8464775085449200,SQDF,SUCCESS,2022-09-12 10:26:15.978
0022bce2ad006326afe7,19.10000038146972700,0,1,-26.3832950592041000000,-48.8213348388671900,SQDF,SUCCESS,2022-09-12 10:37:27.174
0022bce2ad006326afe7,18.50000000000000000,321,1,-26.3625965118408200000,-48.83908462524414,SQDF,SUCCESS,2022-09-13 15:01:19.869
0022bce2ad006326afe7,12.60000038146972700,0,1,-26.3320808410644530000,-48.8524589538574200,SQDF,SUCCESS,2022-09-06 15:09:44.462
0022bce2ad006326afe7,13.89999961853027300,0,1,-26.3321170806884770000,-48.852458953857420,SQDF,SUCCESS,2022-09-07 20:24:30.994
0022bce2ad006326afe7,14.50000000000000000,0,1,-26.3321170806884770000,-48.852458953857420,SQDF,SUCCESS,2022-09-07 20:25:09.145
0022bce2ad006326afe7,14.80000019073486300,0,1,-26.3321132659912100000,-48.852436065673830,SQDF,SUCCESS,2022-09-07 20:28:57.495
0022bce2ad006326afe7,10.39999961853027300,0,1,-26.3320789337158200000,-48.85247039794922,SQDF,SUCCESS,2022-09-10 02:25:11.992
0022bce2ad006326afe7,14.39999961853027300,0,1,-26.332073211669922,-48.8524551391601560,SQDF,SUCCESS,2022-09-01 15:24:46.872
0022bce2ad006326afe7,9.69999980926513700,285,1,-26.3332252502441400000,-48.817016601562500,SQDF,SUCCESS,2022-09-02 01:00:00.562
0022bce2ad006326afe7,10.10000038146972700,0,1,-26.3309974670410160000,-48.846446990966800,SQDF,SUCCESS,2022-09-02 01:05:46.245
0022bce2ad006326afe7,12.19999980926513700,0,1,-26.3320999145507800000,-48.852436065673830,SQDF,SUCCESS,2022-09-02 01:16:45.810
0022bce2ad006326afe7,26.39999961853027300,209,1,-26.3496208190917970000,-48.8471107482910160,SQDF,SUCCESS,2022-09-06 10:27:04.318
0022bce2ad006326afe7,24.20000076293945300,0,1,-26.3832187652587900000,-48.8213996887207000,SQDF,SUCCESS,2022-09-06 10:35:41.978
0022bce2ad006326afe7,10.19999980926513700,0,1,-26.326065063476562,-48.80437469482422,SQDF,SUCCESS,2022-09-02 00:11:54.201
0022bce2ad006326afe7,23.29999923706054700,152,1,-26.34499168395996,-48.8424644470214840,SQDF,SUCCESS,2022-09-08 10:24:52.366
0022bce2ad006326afe7,21.79999923706054700,0,2,-26.38327407836914,-48.8213500976562500,SQDF,SUCCESS,2022-09-08 10:33:08.526
0022bce2ad006326afe7,12.30000019073486300,0,1,-26.3299999237060550000,-48.846683502197266,SQDF,SUCCESS,2022-09-08 22:22:06.608
0022bce2ad006326afe7,13.10000038146972700,0,1,-26.3320865631103500000,-48.852443695068360,SQDF,SUCCESS,2022-09-08 22:27:29.594
0022bce2ad006326afe7,,,,,,SDPR,,2022-09-11 16:53:44.924
0022bce2ad006326afe7,9.10000038146972700,0,2,-26.332080841064453,-48.852455139160156,OnDemand,SUCCESS,2022-09-11 16:53:45.927
0022bce2ad006326afe7,20.70000076293945300,0,1,-26.34906768798828,-48.84857177734375,SQDF,SUCCESS,2022-09-11 17:12:19.639
0022bce2ad006326afe7,25.20000076293945300,0,1,-26.3831748962402340000,-48.8218803405761700,SQDF,SUCCESS,2022-09-05 16:39:43.118
0022bce2ad006326afe7,25.10000038146972700,254,1,-26.349061965942383,-48.84858322143555,SQDF,SUCCESS,2022-09-11 15:37:06.274
0022bce2ad006326afe7,6.00000000000000000,0,1,-26.33212661743164,-48.852443695068360,SQDF,SUCCESS,2022-09-13 22:16:53.001
0022bce2ad006326afe7,34.09999847412109400,298,1,-26.36734962463379,-48.8352928161621100,SQDF,SUCCESS,2022-09-08 14:54:42.785
0022bce2ad006326afe7,26.89999961853027300,299,1,-26.3670063018798830000,-48.8359718322753900,SQDF,SUCCESS,2022-09-06 14:59:37.721
0022bce2ad006326afe7,9.19999980926513700,0,1,-26.33208656311035000000,-48.8524627685546900,SQDF,SUCCESS,2022-09-05 23:22:06.906
0022bce2ad006326afe7,29.29999923706054700,87,1,-26.3439121246337900000,-48.8446807861328100,SQDF,SUCCESS,2022-09-01 10:26:09.858
0022bce2ad006326afe7,20.20000076293945300,0,1,-26.3832130432128900000,-48.8220367431640600,SQDF,SUCCESS,2022-09-01 10:35:48.728
0022bce2ad006326afe7,24.79999923706054700,0,1,-26.3833217620849600000,-48.8213272094726560,SQDF,SUCCESS,2022-09-09 12:42:44.779
0022bce2ad006326afe7,8.50000000000000000,357,1,-26.315750122070312,-48.842647552490234,SQDF,SUCCESS,2022-09-11 12:39:22.093
0022bce2ad006326afe7,11.00000000000000000,191,3,-26.316097259521484,-48.84408187866211,SQDF,SUCCESS,2022-09-11 12:41:06.399
0022bce2ad006326afe7,13.39999961853027300,238,1,-26.33914566040039,-48.8475341796875,SQDF,SUCCESS,2022-09-11 13:15:47.225
0022bce2ad006326afe7,,,,,,SDPR,,2022-09-06 20:48:02.126
0022bce2ad006326afe7,26.10000038146972700,330,2,-26.37420082092285,-48.8322601318359400,OnDemand,SUCCESS,2022-09-06 20:48:03.082
0022bce2ad006326afe7,,,,,,SDPR,,2022-09-06 20:48:13.595
0022bce2ad006326afe7,23.29999923706054700,24,2,-26.37286949157715,-48.8323059082031250,OnDemand,SUCCESS,2022-09-06 20:48:14.285
0022bce2ad006326afe7,911.50000000000000000,0,1,-25.4275989532470700000,-49.222045898437500,SQDF,SUCCESS,2022-09-04 13:19:47.619
0022bce2ad006326afe7,,,,,,SDPR,,2022-09-06 20:48:26.287
0022bce2ad006326afe7,21.29999923706054700,351,2,-26.3710613250732420000,-48.83201599121094,OnDemand,SUCCESS,2022-09-06 20:48:27.330
0022bce2ad006326afe7,,,,,,SDPR,,2022-09-06 20:48:35.841
0022bce2ad006326afe7,26.20000076293945300,327,2,-26.3698406219482420000,-48.83253479003906,OnDemand,SUCCESS,2022-09-06 20:48:36.649
0022bce2ad006326afe7,,,,,,SDPR,,2022-09-06 20:48:44.021
0022bce2ad006326afe7,26.70000076293945300,345,2,-26.3693943023681640000,-48.83273696899414,OnDemand,SUCCESS,2022-09-06 20:48:44.799
0022bce2ad006326afe7,,,,,,SDPR,,2022-09-06 20:48:52.270
0022bce2ad006326afe7,25.10000038146972700,346,2,-26.3690872192382800000,-48.832786560058594,OnDemand,SUCCESS,2022-09-06 20:48:52.792
0022bce2ad006326afe7,,,,,,SDPR,,2022-09-06 20:49:03.604
0022bce2ad006326afe7,27.39999961853027300,310,2,-26.3686637878417970000,-48.83368682861328,OnDemand,SUCCESS,2022-09-06 20:49:04.128
0022bce2ad006326afe7,,,,,,SDPR,,2022-09-06 20:49:24.405
0022bce2ad006326afe7,28.10000038146972700,298,2,-26.3674068450927730000,-48.83516311645508,OnDemand,SUCCESS,2022-09-06 20:49:25.042
0022bce2ad006326afe7,,,,,,SDPR,,2022-09-06 20:49:27.804
0022bce2ad006326afe7,27.70000076293945300,298,2,-26.3672637939453120000,-48.835453033447266,OnDemand,SUCCESS,2022-09-06 20:49:28.829
0022bce2ad006326afe7,,,,,,SDPR,,2022-09-06 20:49:52.502
0022bce2ad006326afe7,21.50000000000000000,338,2,-26.3658905029296880000,-48.836936950683594,OnDemand,SUCCESS,2022-09-06 20:49:53.170
0022bce2ad006326afe7,,,,,,SDPR,,2022-09-06 20:49:56.059
0022bce2ad006326afe7,20.89999961853027300,335,2,-26.3655872344970700000,-48.83707046508789,OnDemand,SUCCESS,2022-09-06 20:49:56.709
0022bce2ad006326afe7,,,,,,SDPR,,2022-09-06 20:50:15.962
0022bce2ad006326afe7,20.20000076293945300,339,2,-26.3646011352539060000,-48.837459564208984,OnDemand,SUCCESS,2022-09-06 20:50:16.542
0022bce2ad006326afe7,,,,,,SDPR,,2022-09-06 20:50:35.892
0022bce2ad006326afe7,18.70000076293945300,322,2,-26.3638439178466800000,-48.83798599243164,OnDemand,SUCCESS,2022-09-06 20:50:36.992
0022bce2ad006326afe7,,,,,,SDPR,,2022-09-06 20:50:44.967
0022bce2ad006326afe7,16.89999961853027300,321,2,-26.3633403778076170000,-48.83842468261719,OnDemand,SUCCESS,2022-09-06 20:50:45.711
0022bce2ad006326afe7,,,,,,SDPR,,2022-09-06 20:51:08.876
0022bce2ad006326afe7,15.60000038146972700,316,2,-26.3625488281250000000,-48.83912658691406,OnDemand,SUCCESS,2022-09-06 20:51:09.778
0022bce2ad006326afe7,,,,,,SDPR,,2022-09-06 20:51:39.602
0022bce2ad006326afe7,21.20000076293945300,5,2,-26.3603706359863280000,-48.83940124511719,OnDemand,SUCCESS,2022-09-06 20:51:41.244
0022bce2ad006326afe7,,,,,,SDPR,,2022-09-06 20:52:46.991
0022bce2ad006326afe7,16.00000000000000000,324,2,-26.3510551452636720000,-48.83919143676758,OnDemand,SUCCESS,2022-09-06 20:52:47.696
0022bce2ad006326afe7,,,,,,SDPR,,2022-09-06 20:52:57.416
0022bce2ad006326afe7,23.29999923706054700,324,2,-26.3497276306152340000,-48.84025955200195,OnDemand,SUCCESS,2022-09-06 20:52:58.086
0022bce2ad006326afe7,,,,,,SDPR,,2022-09-06 20:53:10.658
0022bce2ad006326afe7,25.79999923706054700,324,2,-26.3479328155517580000,-48.84169387817383,OnDemand,SUCCESS,2022-09-06 20:53:11.340
0022bce2ad006326afe7,,,,,,SDPR,,2022-09-06 20:53:31.789
0022bce2ad006326afe7,21.39999961853027300,339,2,-26.3451328277587900000,-48.842342376708984,OnDemand,SUCCESS,2022-09-06 20:53:32.558
0022bce2ad006326afe7,,,,,,SDPR,,2022-09-06 20:53:57.851
0022bce2ad006326afe7,15.10000038146972700,35,2,-26.3421630859375000000,-48.84284591674805,OnDemand,SUCCESS,2022-09-06 20:53:58.909
0022bce2ad006326afe7,,,,,,SDPR,,2022-09-06 20:54:16.231
0022bce2ad006326afe7,11.39999961853027300,8,2,-26.3403987884521500000,-48.84149932861328,OnDemand,SUCCESS,2022-09-06 20:54:16.936
0022bce2ad006326afe7,,,,,,SDPR,,2022-09-06 20:54:48.759
0022bce2ad006326afe7,16.00000000000000000,284,2,-26.3381023406982420000,-48.841697692871094,OnDemand,SUCCESS,2022-09-06 20:54:49.698
0022bce2ad006326afe7,,,,,,SDPR,,2022-09-06 20:54:58.727
0022bce2ad006326afe7,10.39999961853027300,289,2,-26.3377361297607420000,-48.84276580810547,OnDemand,SUCCESS,2022-09-06 20:54:59.445
0022bce2ad006326afe7,,,,,,SDPR,,2022-09-06 20:55:16.442
0022bce2ad006326afe7,10.00000000000000000,28,2,-26.3373928070068360000,-48.84330749511719,OnDemand,SUCCESS,2022-09-06 20:55:17.031
0022bce2ad006326afe7,,,,,,SDPR,,2022-09-06 20:55:22.186
0022bce2ad006326afe7,10.39999961853027300,38,2,-26.3370037078857420000,-48.84294509887695,OnDemand,SUCCESS,2022-09-06 20:55:22.771
0022bce2ad006326afe7,,,,,,SDPR,,2022-09-06 20:55:51.992
0022bce2ad006326afe7,8.39999961853027300,23,2,-26.3353404998779300000,-48.84434127807617,OnDemand,SUCCESS,2022-09-06 20:55:52.824
0022bce2ad006326afe7,,,,,,SDPR,,2022-09-06 20:56:19.621
0022bce2ad006326afe7,8.39999961853027300,12,2,-26.3342590332031250000,-48.845008850097656,OnDemand,SUCCESS,2022-09-06 20:56:20.347
0022bce2ad006326afe7,,,,,,SDPR,,2022-09-06 20:56:32.551
0022bce2ad006326afe7,11.50000000000000000,296,2,-26.3339252471923830000,-48.84553909301758,OnDemand,SUCCESS,2022-09-06 20:56:33.245
0022bce2ad006326afe7,,,,,,SDPR,,2022-09-06 20:56:40.662
0022bce2ad006326afe7,12.19999980926513700,268,2,-26.3339214324951170000,-48.846343994140625,OnDemand,SUCCESS,2022-09-06 20:56:41.138
0022bce2ad006326afe7,,,,,,SDPR,,2022-09-06 20:56:59.000
0022bce2ad006326afe7,12.00000000000000000,0,2,-26.3339290618896500000,-48.84686279296875,OnDemand,SUCCESS,2022-09-06 20:56:59.726
0022bce2ad006326afe7,,,,,,SDPR,,2022-09-06 20:57:21.943
0022bce2ad006326afe7,11.50000000000000000,0,2,-26.3339309692382800000,-48.847286224365234,OnDemand,SUCCESS,2022-09-06 20:57:22.545
0022bce2ad006326afe7,,,,,,SDPR,,2022-09-06 20:57:41.605
0022bce2ad006326afe7,11.50000000000000000,0,2,-26.3339405059814450000,-48.847286224365234,OnDemand,SUCCESS,2022-09-06 20:57:42.326
0022bce2ad006326afe7,,,,,,SDPR,,2022-09-06 20:58:21.097
0022bce2ad006326afe7,11.50000000000000000,0,2,-26.3339366912841800000,-48.847286224365234,OnDemand,SUCCESS,2022-09-06 20:58:21.870
0022bce2ad006326afe7,,,,,,SDPR,,2022-09-06 20:58:41.476
0022bce2ad006326afe7,12.19999980926513700,269,2,-26.3339614868164060000,-48.848724365234375,OnDemand,SUCCESS,2022-09-06 20:58:42.069
0022bce2ad006326afe7,,,,,,SDPR,,2022-09-06 20:59:06.939
0022bce2ad006326afe7,20.20000076293945300,176,2,-26.3342075347900400000,-48.850555419921875,OnDemand,SUCCESS,2022-09-06 20:59:07.555
0022bce2ad006326afe7,,,,,,SDPR,,2022-09-06 20:59:57.502
0022bce2ad006326afe7,23.39999961853027300,0,1,-26.3354148864746100000,-48.85215377807617,SQDF,SUCCESS,2022-09-06 20:59:57.854
0022bce2ad006326afe7,23.39999961853027300,0,2,-26.3354148864746100000,-48.85215377807617,OnDemand,SUCCESS,2022-09-06 20:59:58.240
0022bce2ad006326afe7,,,,,,SDPR,,2022-09-06 21:00:04.142
0022bce2ad006326afe7,22.50000000000000000,0,2,-26.3354110717773440000,-48.85215377807617,OnDemand,SUCCESS,2022-09-06 21:00:04.655
0022bce2ad006326afe7,,,,,,SDPR,,2022-09-06 21:00:43.611
0022bce2ad006326afe7,22.39999961853027300,0,2,-26.3354110717773440000,-48.85215377807617,OnDemand,SUCCESS,2022-09-06 21:00:44.142
0022bce2ad006326afe7,18.89999961853027300,331,1,-26.364301681518555,-48.837627410888670,SQDF,SUCCESS,2022-09-02 14:57:15.508
0022bce2ad006326afe7,10.69999980926513700,0,1,-26.332130432128906,-48.852378845214844,SQDF,SUCCESS,2022-09-02 15:05:39.206
0022bce2ad006326afe7,9.10000038146972700,0,1,-26.32307434082031200000,-48.841300964355470,SQDF,SUCCESS,2022-09-08 21:40:42.933
0022bce2ad006326afe7,24.89999961853027300,300,1,-26.368942260742188,-48.8329162597656250,SQDF,SUCCESS,2022-09-01 14:57:32.281
0022bce2ad006326afe7,9.60000038146972700,0,1,-26.340688705444336,-48.8475189208984400,SQDF,SUCCESS,2022-09-01 15:05:37.116
0022bce2ad006326afe7,25.00000000000000000,0,1,-26.383182525634766,-48.8218917846679700,SQDF,SUCCESS,2022-09-02 10:36:39.462
0022bce2ad006326afe7,18.10000038146972700,0,1,-26.33002471923828,-48.8463859558105500,SQDF,SUCCESS,2022-09-07 17:33:05.816
0022bce2ad006326afe7,12.00000000000000000,85,1,-26.316062927246094,-48.8378028869628900,SQDF,SUCCESS,2022-09-07 17:43:16.875
0022bce2ad006326afe7,7.80000019073486300,114,2,-26.31549072265625,-48.8434448242187500,SQDF,SUCCESS,2022-09-07 18:01:51.506
0022bce2ad006326afe7,10.19999980926513700,178,1,-26.34039306640625,-48.8473701477050800,SQDF,SUCCESS,2022-09-13 10:22:48.305
0022bce2ad006326afe7,21.20000076293945300,0,1,-26.383283615112305,-48.8213653564453100,SQDF,SUCCESS,2022-09-13 10:32:40.932
0022bce2ad006326afe7,26.89999961853027300,318,1,-26.3680362701416000000,-48.8343048095703100,SQDF,SUCCESS,2022-09-12 15:00:28.619
0022bce2ad006326afe7,13.50000000000000000,0,1,-26.3320693969726560000,-48.8524742126464840,SQDF,SUCCESS,2022-09-12 15:10:14.100
0022bce2ad006326afe7,11.39999961853027300,0,1,-26.33209228515625,-48.85245895385742,SQDF,SUCCESS,2022-09-11 17:59:53.783
0022bce2ad006326afe7,20.20000076293945300,238,1,-26.300640106201172,-48.864196777343750,SQDF,SUCCESS,2022-09-07 22:23:54.859
0022bce2ad006326afe7,19.20000076293945300,163,1,-26.343984603881836,-48.8430976867675800,SQDF,SUCCESS,2022-09-05 10:26:24.072
0022bce2ad006326afe7,23.89999961853027300,0,1,-26.383182525634766,-48.8218917846679700,SQDF,SUCCESS,2022-09-05 10:35:22.048
0022bce2ad006326afe7,10.89999961853027300,0,1,-26.332111358642578,-48.85243225097656,SQDF,SUCCESS,2022-09-01 00:11:14.319
0022bce2ad006326afe7,11.89999961853027300,0,1,-26.33208656311035,-48.852447509765625,SQDF,SUCCESS,2022-09-06 23:04:12.656
0022bce2ad006326afe7,9.00000000000000000,0,1,-26.3313541412353500000,-48.847137451171875,SQDF,SUCCESS,2022-09-09 21:14:07.109
0022bce2ad006326afe7,11.10000038146972700,0,1,-26.3320999145507800000,-48.852443695068360,SQDF,SUCCESS,2022-09-09 21:26:05.507
0022bce2ad006326afe7,27.39999961853027300,0,1,-26.3354587554931640000,-48.852127075195310,SQDF,SUCCESS,2022-09-13 20:59:54.962
0022bce2ad006326afe7,19.20000076293945300,4,1,-26.361217498779297,-48.8394927978515600,SQDF,SUCCESS,2022-09-05 15:01:46.024
0022bce2ad006326afe7,15.69999980926513700,0,1,-26.332073211669922,-48.8524627685546900,SQDF,SUCCESS,2022-09-05 15:08:56.058
0022bce2ad006326afe7,,,,,,SDPR,,2022-09-05 21:24:53.915
0022bce2ad006326afe7,20.00000000000000000,180,2,-26.3191738128662100000,-48.873298645019530,OnDemand,SUCCESS,2022-09-05 21:24:50.481
0022bce2ad006326afe7,24.70000076293945300,0,1,-26.3215026855468750000,-48.873420715332030,SQDF,SUCCESS,2022-09-05 21:25:46.389
0022bce2ad006326afe7,15.69999980926513700,264,500,-26.2784633636474600000,-48.849426269531250,SQDF,SUCCESS,2022-09-05 21:47:46.756
0022bce2ad006326afe7,897.20001220703120000,0,1,-25.42551040649414000000,-49.216125488281250,SQDF,SUCCESS,2022-09-04 18:47:15.717
0022bce2ad006326afe7,,,,,,SDPR,,2022-09-12 22:49:28.200
0022bce2ad006326afe7,22.89999961853027300,334,2,-26.3810710906982420000,-48.823715209960940,OnDemand,SUCCESS,2022-09-12 22:49:27.011
0022bce2ad006326afe7,,,,,,SDPR,,2022-09-12 22:49:59.289
0022bce2ad006326afe7,24.79999923706054700,312,2,-26.3776435852050780000,-48.827095031738280,OnDemand,SUCCESS,2022-09-12 22:49:57.556
0022bce2ad006326afe7,,,,,,SDPR,,2022-09-12 22:50:08.091
0022bce2ad006326afe7,22.79999923706054700,312,2,-26.3766460418701170000,-48.828285217285156,OnDemand,SUCCESS,2022-09-12 22:50:06.542
0022bce2ad006326afe7,,,,,,SDPR,,2022-09-12 22:50:51.865
0022bce2ad006326afe7,28.89999961853027300,22,2,-26.3731327056884770000,-48.832439422607420,OnDemand,SUCCESS,2022-09-12 22:50:50.091
0022bce2ad006326afe7,,,,,,SDPR,,2022-09-12 22:50:57.948
0022bce2ad006326afe7,28.39999961853027300,16,2,-26.3724212646484380000,-48.832126617431640,OnDemand,SUCCESS,2022-09-12 22:50:56.212
0022bce2ad006326afe7,,,,,,SDPR,,2022-09-12 22:51:02.888
0022bce2ad006326afe7,26.10000038146972700,5,2,-26.3718128204345700000,-48.831985473632810,OnDemand,SUCCESS,2022-09-12 22:51:01.264
0022bce2ad006326afe7,,,,,,SDPR,,2022-09-12 22:51:11.550
0022bce2ad006326afe7,26.50000000000000000,347,2,-26.3707656860351560000,-48.832084655761720,OnDemand,SUCCESS,2022-09-12 22:51:10.783
0022bce2ad006326afe7,,,,,,SDPR,,2022-09-12 22:51:18.742
0022bce2ad006326afe7,30.60000038146972700,327,2,-26.3698883056640620000,-48.832530975341800,OnDemand,SUCCESS,2022-09-12 22:51:18.251
0022bce2ad006326afe7,,,,,,SDPR,,2022-09-12 22:51:32.126
0022bce2ad006326afe7,30.20000076293945300,347,2,-26.3693618774414060000,-48.832759857177734,OnDemand,SUCCESS,2022-09-12 22:51:30.910
0022bce2ad006326afe7,,,,,,SDPR,,2022-09-12 22:51:41.972
0022bce2ad006326afe7,26.50000000000000000,285,2,-26.3689289093017580000,-48.833007812500000,OnDemand,SUCCESS,2022-09-12 22:51:40.184
0022bce2ad006326afe7,,,,,,SDPR,,2022-09-12 22:51:48.660
0022bce2ad006326afe7,29.50000000000000000,295,2,-26.3687686920166000000,-48.833553314208984,OnDemand,SUCCESS,2022-09-12 22:51:46.836
0022bce2ad006326afe7,,,,,,SDPR,,2022-09-12 22:52:00.342
0022bce2ad006326afe7,31.20000076293945300,316,2,-26.3678951263427730000,-48.834457397460940,OnDemand,SUCCESS,2022-09-12 22:51:58.563
0022bce2ad006326afe7,,,,,,SDPR,,2022-09-12 22:52:16.311
0022bce2ad006326afe7,26.50000000000000000,307,2,-26.3668746948242200000,-48.836223602294920,OnDemand,SUCCESS,2022-09-12 22:52:14.751
0022bce2ad006326afe7,,,,,,SDPR,,2022-09-12 22:52:44.693
0022bce2ad006326afe7,20.89999961853027300,331,2,-26.3643245697021500000,-48.837615966796875,OnDemand,SUCCESS,2022-09-12 22:52:43.941
0022bce2ad006326afe7,,,,,,SDPR,,2022-09-12 22:52:52.633
0022bce2ad006326afe7,19.70000076293945300,320,2,-26.3638114929199220000,-48.838016510009766,OnDemand,SUCCESS,2022-09-12 22:52:51.014
0022bce2ad006326afe7,,,,,,SDPR,,2022-09-12 22:52:56.239
0022bce2ad006326afe7,18.50000000000000000,323,2,-26.3634910583496100000,-48.838298797607420,OnDemand,SUCCESS,2022-09-12 22:52:54.571
0022bce2ad006326afe7,14.89999961853027300,66,1,-26.3609790802001950000,-48.835041046142580,SQDF,SUCCESS,2022-09-12 22:54:22.700
0022bce2ad006326afe7,,,,,,SDPR,,2022-09-12 23:01:24.430
0022bce2ad006326afe7,29.70000076293945300,324,2,-26.3496532440185550000,-48.840332031250000,OnDemand,SUCCESS,2022-09-12 23:01:22.827
0022bce2ad006326afe7,,,,,,SDPR,,2022-09-12 23:01:41.363
0022bce2ad006326afe7,32.59999847412109400,324,2,-26.3478336334228500000,-48.841777801513670,OnDemand,SUCCESS,2022-09-12 23:01:39.686
0022bce2ad006326afe7,,,,,,SDPR,,2022-09-12 23:01:57.365
0022bce2ad006326afe7,29.70000076293945300,356,2,-26.3458747863769530000,-48.842231750488280,OnDemand,SUCCESS,2022-09-12 23:01:55.997
0022bce2ad006326afe7,,,,,,SDPR,,2022-09-12 23:02:02.556
0022bce2ad006326afe7,27.00000000000000000,346,2,-26.3452548980712900000,-48.842292785644530,OnDemand,SUCCESS,2022-09-12 23:02:00.918
0022bce2ad006326afe7,,,,,,SDPR,,2022-09-12 23:02:41.007
0022bce2ad006326afe7,16.60000038146972700,11,2,-26.3404788970947270000,-48.841495513916016,OnDemand,SUCCESS,2022-09-12 23:02:39.476
0022bce2ad006326afe7,14.89999961853027300,0,1,-26.3321266174316400000,-48.852443695068360,SQDF,SUCCESS,2022-09-12 23:08:11.627
0022bce2ad006326afe7,11.30000019073486300,0,1,-26.33207893371582,-48.852474212646484,SQDF,SUCCESS,2022-09-11 00:50:57.055
0022bce2ad006326afe7,13.19999980926513700,0,1,-26.333751678466797,-48.8473434448242200,SQDF,SUCCESS,2022-09-04 22:44:54.864
0022bce2ad006326afe7,16.20000076293945300,0,1,-26.33213233947754,-48.8524322509765600,SQDF,SUCCESS,2022-09-04 22:51:22.055
0022bce2ad006326afe7,25.10000038146972700,0,1,-26.3833332061767580000,-48.821327209472656,SQDF,SUCCESS,2022-09-12 16:38:34.676
0022bce2ad006326afe7,12.89999961853027300,0,1,-26.3320751190185550000,-48.852458953857420,SQDF,SUCCESS,2022-09-07 00:44:40.087
0022bce2ad006326afe7,,,,,,SDPR,,2022-09-07 01:58:55.089
0022bce2ad006326afe7,16.10000038146972700,0,2,-26.3320808410644530000,-48.852420806884766,OnDemand,SUCCESS,2022-09-07 01:58:56.177
0022bce2ad006326afe7,9.39999961853027300,0,1,-26.330785751342773,-48.8416862487793,SQDF,SUCCESS,2022-09-13 15:06:17.693
0022bce2ad006326afe7,16.20000076293945300,0,1,-26.332080841064453,-48.85245895385742,SQDF,SUCCESS,2022-09-13 15:21:07.634
0022bce2ad006326afe7,10.50000000000000000,0,1,-26.332075119018555,-48.852447509765625,SQDF,SUCCESS,2022-09-08 23:21:38.299
00277cd7a10bb6486ed4,743.90002441406250000,0,5,-23.519546508789062,-46.7253074645996100,SQDF,SUCCESS,2022-09-11 19:39:45.039
00277cd7a10bb6486ed4,743.59997558593750000,169,20,-23.597261428833008,-46.697574615478516,SQDF,SUCCESS,2022-09-07 16:42:53.649
00277cd7a10bb6486ed4,748.90002441406250000,0,1,-23.52110481262207,-46.7257995605468750,SQDF,SUCCESS,2022-09-08 12:09:24.911
00277cd7a10bb6486ed4,748.90002441406250000,0,1,-23.5211124420166,-46.7257995605468750,SQDF,SUCCESS,2022-09-08 12:10:05.206
00277cd7a10bb6486ed4,745.79998779296880000,0,1,-23.12152671813965,-46.964935302734375,SQDF,SUCCESS,2022-09-10 18:43:46.131
00277cd7a10bb6486ed4,0.00000000000000000,0,0,-23.6346664428710940000,-46.7256088256835940,SQDF,SUCCESS,2022-09-08 11:19:28.656
00277cd7a10bb6486ed4,723.90002441406250000,0,1,-23.5331039428710940000,-46.7338027954101560,SQDF,SUCCESS,2022-09-08 11:51:16.773
00277cd7a10bb6486ed4,0.00000000000000000,0,0,-23.63448715209961,-46.725738525390625,SQDF,SUCCESS,2022-09-11 16:07:23.485
00277cd7a10bb6486ed4,727.00000000000000000,0,1,-23.509937286376953,-46.691551208496094,SQDF,SUCCESS,2022-09-11 16:32:28.230
00277cd7a10bb6486ed4,726.50000000000000000,0,1,-23.50994110107422,-46.691558837890625,SQDF,SUCCESS,2022-09-11 16:33:39.486
00277cd7a10bb6486ed4,0.00000000000000000,0,0,-23.634735107421875,-46.7257537841796900,SQDF,SUCCESS,2022-09-05 12:44:36.223
00277cd7a10bb6486ed4,1021.40002441406250000,0,500,-23.5207042694091800000,-46.725028991699220,SQDF,SUCCESS,2022-09-08 18:30:46.689
00277cd7a10bb6486ed4,712.79998779296880000,0,34,-23.5193977355957030000,-46.725189208984375,SQDF,SUCCESS,2022-09-08 18:35:17.206
00277cd7a10bb6486ed4,740.29998779296880000,267,2,-23.5200157165527340000,-46.726879119873050,SQDF,SUCCESS,2022-09-08 18:45:56.112
00277cd7a10bb6486ed4,727.50000000000000000,0,1,-23.533246994018555,-46.7336158752441400,SQDF,SUCCESS,2022-09-01 15:57:38.548
00277cd7a10bb6486ed4,729.79998779296880000,0,1,-23.659194946289062,-46.7198181152343750,SQDF,SUCCESS,2022-09-05 12:58:34.800
00277cd7a10bb6486ed4,726.59997558593750000,0,5,-23.526416778564453,-46.73194122314453,SQDF,SUCCESS,2022-09-12 16:58:49.640
00277cd7a10bb6486ed4,0.00000000000000000,0,0,-23.597171783447266,-46.697467803955080,SQDF,SUCCESS,2022-09-07 19:47:18.763
00277cd7a10bb6486ed4,750.90002441406250000,0,9,-23.63479232788086,-46.725730895996094,SQDF,SUCCESS,2022-09-07 19:58:22.259
00277cd7a10bb6486ed4,747.29998779296880000,0,1,-23.5695934295654300000,-46.679756164550780,SQDF,SUCCESS,2022-09-09 20:40:29.035
00277cd7a10bb6486ed4,727.20001220703120000,135,2,-23.65959358215332,-46.719619750976560,SQDF,SUCCESS,2022-09-06 21:26:41.523
00277cd7a10bb6486ed4,746.59997558593750000,314,28,-23.634632110595703,-46.725883483886720,SQDF,SUCCESS,2022-09-06 21:56:52.829
00277cd7a10bb6486ed4,742.40002441406250000,0,1,-23.5219306945800780000,-46.72542953491211,SQDF,SUCCESS,2022-09-03 20:12:52.923
00277cd7a10bb6486ed4,735.59997558593750000,0,1,-23.630220413208008000,-46.71735763549805,SQDF,SUCCESS,2022-09-02 17:39:03.892
00277cd7a10bb6486ed4,749.20001220703120000,0,500,-23.634792327880860000,-46.72571563720703,SQDF,SUCCESS,2022-09-02 17:53:53.880
00277cd7a10bb6486ed4,761.29998779296880000,0,2,-23.52091407775879,-46.725189208984375,SQDF,SUCCESS,2022-09-02 16:11:45.933
00277cd7a10bb6486ed4,729.00000000000000000,0,1,-23.533254623413086,-46.733646392822266,SQDF,SUCCESS,2022-09-02 16:24:05.340
00277cd7a10bb6486ed4,736.40002441406250000,0,1,-23.5343017578125,-46.727901458740234,SQDF,SUCCESS,2022-09-02 16:36:56.879
00277cd7a10bb6486ed4,734.90002441406250000,44,1,-23.641712188720703,-46.7244796752929700,SQDF,SUCCESS,2022-09-01 11:19:19.854
00277cd7a10bb6486ed4,723.29998779296880000,0,1,-23.533010482788086,-46.7338790893554700,SQDF,SUCCESS,2022-09-01 11:53:18.863
00277cd7a10bb6486ed4,0.00000000000000000,0,0,-23.6347274780273440000,-46.7257728576660160,SQDF,SUCCESS,2022-09-06 11:37:59.496
00277cd7a10bb6486ed4,727.70001220703120000,225,1,-23.6590538024902340000,-46.7195930480957000,SQDF,SUCCESS,2022-09-06 12:06:51.360
00277cd7a10bb6486ed4,751.29998779296880000,0,500,-23.63475799560547,-46.7257690429687500,SQDF,SUCCESS,2022-09-09 21:52:24.382
00277cd7a10bb6486ed4,792.29998779296880000,0,1,-23.376401901245117,-46.747169494628906,SQDF,SUCCESS,2022-09-01 16:46:44.530
00277cd7a10bb6486ed4,725.50000000000000000,125,500,-23.526315689086914,-46.739830017089844,SQDF,SUCCESS,2022-09-03 21:11:03.802
00277cd7a10bb6486ed4,726.00000000000000000,0,1,-23.51168441772461,-46.624385833740234,SQDF,SUCCESS,2022-09-10 20:25:04.107
00277cd7a10bb6486ed4,727.90002441406250000,98,1,-23.515275955200195,-46.615173339843750,SQDF,SUCCESS,2022-09-10 22:05:43.533
00277cd7a10bb6486ed4,731.09997558593750000,265,2,-23.513660430908203,-46.614692687988280,SQDF,SUCCESS,2022-09-10 22:06:43.182
00277cd7a10bb6486ed4,745.20001220703120000,0,5,-23.519485473632812,-46.7252845764160160,SQDF,SUCCESS,2022-09-02 11:00:12.237
00277cd7a10bb6486ed4,746.79998779296880000,0,2,-23.519752502441406,-46.724895477294920,SQDF,SUCCESS,2022-09-09 16:44:34.973
00277cd7a10bb6486ed4,787.00000000000000000,359,500,-23.542402267456055,-46.657142639160156,SQDF,SUCCESS,2022-09-09 17:26:32.207
00277cd7a10bb6486ed4,0.00000000000000000,0,0,-23.6346626281738280000,-46.7255439758300800,SQDF,SUCCESS,2022-09-12 11:11:48.155
00277cd7a10bb6486ed4,0.00000000000000000,0,0,-23.6346626281738280000,-46.7255439758300800,SQDF,SUCCESS,2022-09-12 11:11:49.433
00277cd7a10bb6486ed4,0.00000000000000000,0,0,-23.63469123840332,-46.7255668640136700,SQDF,SUCCESS,2022-09-09 11:11:46.853
00277cd7a10bb6486ed4,725.20001220703120000,0,1,-23.533010482788086,-46.7338981628418000,SQDF,SUCCESS,2022-09-09 11:40:07.369
00277cd7a10bb6486ed4,727.59997558593750000,0,1,-23.533077239990234,-46.7337760925293000,SQDF,SUCCESS,2022-09-09 11:50:46.717
00277cd7a10bb6486ed4,734.59997558593750000,0,2,-23.51948165893554700000,-46.7253646850585940,SQDF,SUCCESS,2022-09-01 12:14:22.487
00277cd7a10bb6486ed4,725.20001220703120000,0,2,-23.5332450866699220000,-46.7336463928222660,SQDF,SUCCESS,2022-09-12 11:44:11.365
00277cd7a10bb6486ed4,734.70001220703120000,0,3,-23.5194587707519530000,-46.7253379821777340,SQDF,SUCCESS,2022-09-12 12:07:43.949
00277cd7a10bb6486ed4,726.79998779296880000,229,1,-23.521757125854492,-46.7344474792480500,SQDF,SUCCESS,2022-09-01 15:42:00.872
00277cd7a10bb6486ed4,726.40002441406250000,0,1,-23.522172927856445,-46.7348785400390600,SQDF,SUCCESS,2022-09-01 15:42:32.097
00277cd7a10bb6486ed4,719.79998779296880000,0,1,-23.522130966186523,-46.7349090576171900,SQDF,SUCCESS,2022-09-01 15:45:18.759
00277cd7a10bb6486ed4,817.00000000000000000,328,500,-23.55282974243164,-46.659564971923830,SQDF,SUCCESS,2022-09-09 19:15:34.778
00277cd7a10bb6486ed4,0.00000000000000000,0,0,-23.552846908569336,-46.659751892089844,SQDF,SUCCESS,2022-09-09 19:18:07.494
00277cd7a10bb6486ed4,0.00000000000000000,0,0,-23.552846908569336,-46.659751892089844,SQDF,SUCCESS,2022-09-09 19:18:43.739
00277cd7a10bb6486ed4,758.00000000000000000,0,1,-23.521492004394530000,-46.72240447998047,SQDF,SUCCESS,2022-09-08 20:35:39.949
00277cd7a10bb6486ed4,766.09997558593750000,159,10,-23.6344547271728500000,-46.725669860839844,SQDF,SUCCESS,2022-09-08 22:06:36.590
00277cd7a10bb6486ed4,753.00000000000000000,30,500,-23.6346626281738280000,-46.725543975830080,SQDF,SUCCESS,2022-09-11 21:10:33.467
00277cd7a10bb6486ed4,753.29998779296880000,10,500,-23.6344547271728500000,-46.725589752197266,SQDF,SUCCESS,2022-09-11 21:11:00.010
00277cd7a10bb6486ed4,737.79998779296880000,137,1,-23.51243782043457,-46.68479919433594,SQDF,SUCCESS,2022-09-11 17:00:36.186
00277cd7a10bb6486ed4,763.09997558593750000,0,1,-23.633420944213867,-46.730743408203125,SQDF,SUCCESS,2022-09-10 23:31:32.727
00277cd7a10bb6486ed4,752.20001220703120000,0,500,-23.634716033935547,-46.725761413574220,SQDF,SUCCESS,2022-09-10 23:58:53.716
00277cd7a10bb6486ed4,748.90002441406250000,0,1,-23.1215000152587900000,-46.964942932128906,SQDF,SUCCESS,2022-09-10 16:56:49.872
00277cd7a10bb6486ed4,730.00000000000000000,0,1,-23.533267974853516,-46.7336082458496100,SQDF,SUCCESS,2022-09-08 13:41:39.201
00277cd7a10bb6486ed4,731.59997558593750000,0,4,-23.522001266479492,-46.7340660095214840,SQDF,SUCCESS,2022-09-08 13:53:53.139
00277cd7a10bb6486ed4,0.00000000000000000,0,0,-23.634702682495117,-46.725677490234375,SQDF,SUCCESS,2022-09-10 15:52:16.155
00277cd7a10bb6486ed4,740.59997558593750000,0,500,-23.63475799560547,-46.725788116455080,SQDF,SUCCESS,2022-09-13 22:17:02.297
00277cd7a10bb6486ed4,723.00000000000000000,0,1,-23.5331020355224600000,-46.7338142395019500,SQDF,SUCCESS,2022-09-12 18:54:54.632
00277cd7a10bb6486ed4,744.20001220703120000,0,5,-23.5194416046142580000,-46.7252540588378900,SQDF,SUCCESS,2022-09-12 19:18:18.921
00277cd7a10bb6486ed4,737.70001220703120000,0,2,-23.51949119567871,-46.7254219055175800,SQDF,SUCCESS,2022-09-08 14:33:12.903
00277cd7a10bb6486ed4,0.00000000000000000,0,0,-23.5194244384765620000,-46.724720001220700,SQDF,SUCCESS,2022-09-09 16:08:37.792
00277cd7a10bb6486ed4,726.20001220703120000,0,1,-23.5332736968994140000,-46.733619689941406,SQDF,SUCCESS,2022-09-09 16:20:45.488
00277cd7a10bb6486ed4,0.00000000000000000,0,0,-23.6346569061279300000,-46.7256431579589840,SQDF,SUCCESS,2022-09-01 11:13:57.562
00277cd7a10bb6486ed4,728.79998779296880000,27,1,-23.641487121582030000,-46.724147796630860,SQDF,SUCCESS,2022-09-03 18:48:52.156
00277cd7a10bb6486ed4,739.20001220703120000,0,4,-23.519510269165040000,-46.725376129150390,SQDF,SUCCESS,2022-09-03 19:12:20.220
00277cd7a10bb6486ed4,740.90002441406250000,0,3,-23.5194549560546880000,-46.7252731323242200,SQDF,SUCCESS,2022-09-09 12:22:00.227
00277cd7a10bb6486ed4,739.50000000000000000,0,3,-23.5194587707519530000,-46.7253189086914060,SQDF,SUCCESS,2022-09-09 12:23:52.260
00277cd7a10bb6486ed4,744.59997558593750000,0,1,-23.525047302246094,-46.7331771850585940,SQDF,SUCCESS,2022-09-08 13:18:05.421
00277cd7a10bb6486ed4,724.50000000000000000,0,1,-23.5330848693847660000,-46.733798980712890,SQDF,SUCCESS,2022-09-08 18:54:21.999
00277cd7a10bb6486ed4,742.00000000000000000,0,1,-23.5217781066894530000,-46.725433349609375,SQDF,SUCCESS,2022-09-08 19:16:10.790
00277cd7a10bb6486ed4,0.00000000000000000,0,0,-23.6346664428710940000,-46.7256851196289060,SQDF,SUCCESS,2022-09-07 16:22:08.303
00277cd7a10bb6486ed4,792.29998779296880000,116,1,-23.37971305847168,-46.7405624389648440,SQDF,SUCCESS,2022-09-02 10:01:17.361
00277cd7a10bb6486ed4,725.70001220703120000,0,1,-23.533000946044922,-46.7338943481445300,SQDF,SUCCESS,2022-09-02 10:41:04.210
00277cd7a10bb6486ed4,728.29998779296880000,0,1,-23.525388717651367,-46.60133361816406,SQDF,SUCCESS,2022-09-11 17:30:29.033
00277cd7a10bb6486ed4,726.00000000000000000,0,1,-23.5251522064209,-46.60160446166992,SQDF,SUCCESS,2022-09-11 17:31:55.996
00277cd7a10bb6486ed4,726.50000000000000000,140,1,-23.5417823791503900000,-46.727756500244140,SQDF,SUCCESS,2022-09-04 05:23:26.919
00277cd7a10bb6486ed4,754.50000000000000000,0,500,-23.6346340179443360000,-46.725700378417970,SQDF,SUCCESS,2022-09-04 05:52:10.197
00277cd7a10bb6486ed4,723.59997558593750000,0,1,-23.51564598083496,-46.615428924560550,SQDF,SUCCESS,2022-09-10 21:10:35.318
00277cd7a10bb6486ed4,731.79998779296880000,134,1,-23.6596069335937500000,-46.719608306884766,SQDF,SUCCESS,2022-09-05 21:23:21.481
00277cd7a10bb6486ed4,752.00000000000000000,292,12,-23.6347408294677730000,-46.725799560546875,SQDF,SUCCESS,2022-09-05 21:53:05.341
00277cd7a10bb6486ed4,0.00000000000000000,0,0,-23.6346855163574220000,-46.7258148193359400,SQDF,SUCCESS,2022-09-13 12:20:05.083
00277cd7a10bb6486ed4,0.00000000000000000,0,0,-23.5194530487060550000,-46.725246429443360,SQDF,SUCCESS,2022-09-12 22:45:26.574
00277cd7a10bb6486ed4,755.70001220703120000,0,500,-23.6347274780273440000,-46.725761413574220,SQDF,SUCCESS,2022-09-12 23:23:53.179
00277cd7a10bb6486ed4,733.09997558593750000,0,2,-23.591018676757812,-46.6755104064941400,SQDF,SUCCESS,2022-09-13 13:26:36.291
00277cd7a10bb6486ed4,745.59997558593750000,158,500,-23.590829849243164,-46.6745109558105500,SQDF,SUCCESS,2022-09-13 13:35:21.480
00277cd7a10bb6486ed4,742.70001220703120000,0,13,-23.519477844238280000,-46.72524642944336,SQDF,SUCCESS,2022-09-12 17:20:58.208
00277cd7a10bb6486ed4,0.00000000000000000,0,0,-23.590951919555664,-46.674381256103516,SQDF,SUCCESS,2022-09-13 15:51:44.946
00277cd7a10bb6486ed4,737.29998779296880000,253,500,-23.590801239013672,-46.68359375,SQDF,SUCCESS,2022-09-13 16:01:57.196
00277cd7a10bb6486ed4,0.00000000000000000,0,0,-23.5194530487060550000,-46.72499465942383,SQDF,SUCCESS,2022-09-12 16:16:47.278
00277cd7a10bb6486ed4,727.09997558593750000,0,1,-23.5263862609863280000,-46.731964111328125,SQDF,SUCCESS,2022-09-12 16:22:44.334
00277cd7a10bb6486ed4,725.00000000000000000,0,1,-23.5265483856201170000,-46.73186111450195,SQDF,SUCCESS,2022-09-12 16:25:07.619
00277cd7a10bb6486ed4,730.40002441406250000,132,1,-23.6600437164306640000,-46.7187500000000000,SQDF,SUCCESS,2022-09-13 17:15:20.089
00277cd7a10bb6486ed4,728.79998779296880000,27,1,-23.6414871215820300000,-46.724147796630860,SQDF,SUCCESS,2022-09-03 18:48:52.156
00277cd7a10bb6486ed4,723.40002441406250000,0,1,-23.5548095703125,-46.708988189697266,SQDF,SUCCESS,2022-09-11 20:40:53.930
00277cd7a10bb6486ed4,722.00000000000000000,0,1,-23.563426971435547,-46.712013244628906,SQDF,SUCCESS,2022-09-11 20:49:41.349
00277cd7a10bb6486ed4,719.00000000000000000,0,1,-23.563304901123047,-46.71210479736328,SQDF,SUCCESS,2022-09-11 20:52:08.697
00277cd7a10bb6486ed4,746.50000000000000000,0,1,-23.12152671813965,-46.964935302734375,SQDF,SUCCESS,2022-09-10 18:29:14.148
002ec6da987f343641bc,854.40002441406250000,0,1,-19.9075431823730470000,-43.91963577270508,SQDF,SUCCESS,2021-09-04 10:46:53.574
002ec6da987f343641bc,843.79998779296880000,347,7,-19.8925094604492200000,-43.926456451416016,SQDF,SUCCESS,2021-09-04 11:02:46.855
002ec6da987f343641bc,842.09997558593750000,0,6,-19.89246940612793,-43.9264144897460940,SQDF,SUCCESS,2021-09-05 22:20:04.742
002ec6da987f343641bc,834.00000000000000000,0,3,-19.8924560546875,-43.92640686035156,SQDF,SUCCESS,2021-09-12 15:35:50.927
002ec6da987f343641bc,921.00000000000000000,0,3,-19.944679260253906,-43.94599151611328,SQDF,SUCCESS,2021-09-12 20:44:48.699
002ec6da987f343641bc,936.09997558593750000,218,1,-19.96299934387207,-44.1154327392578100,SQDF,SUCCESS,2021-09-13 12:58:23.320
002ec6da987f343641bc,807.59997558593750000,0,1,-19.88764762878418,-43.9287872314453100,SQDF,SUCCESS,2021-09-08 12:05:15.203
002ec6da987f343641bc,834.09997558593750000,0,4,-19.8924770355224600000,-43.926422119140625,SQDF,SUCCESS,2021-09-09 22:16:50.659
002ec6da987f343641bc,821.79998779296880000,0,1,-19.8867816925048830000,-43.9222030639648440,SQDF,SUCCESS,2021-09-08 11:57:28.518
002ec6da987f343641bc,920.29998779296880000,0,1,-19.9411354064941400000,-43.9459381103515600,SQDF,SUCCESS,2021-09-06 16:39:50.025
002ec6da987f343641bc,831.50000000000000000,0,1,-19.89338493347168,-43.923912048339844,SQDF,SUCCESS,2021-09-04 21:51:25.869
002ec6da987f343641bc,866.50000000000000000,0,1,-19.8900852203369140000,-43.9215736389160160,SQDF,SUCCESS,2021-09-07 09:49:46.968
002ec6da987f343641bc,822.20001220703120000,0,2,-19.8887367248535160000,-43.9287109375000000,SQDF,SUCCESS,2021-09-07 10:37:21.046
002ec6da987f343641bc,841.40002441406250000,0,500,-19.8924961090087900000,-43.9264984130859400,SQDF,SUCCESS,2022-09-07 10:53:49.462
002ec6da987f343641bc,843.20001220703120000,324,2,-19.8923931121826170000,-43.9264450073242200,SQDF,SUCCESS,2022-09-07 11:28:48.037
002ec6da987f343641bc,817.29998779296880000,122,1,-19.855026245117188,-43.94930648803711,SQDF,SUCCESS,2022-09-11 16:02:01.136
002ec6da987f343641bc,821.20001220703120000,0,1,-19.889392852783203,-43.9281768798828100,SQDF,SUCCESS,2022-09-02 13:08:01.624
002ec6da987f343641bc,826.50000000000000000,349,6,-19.89238739013672,-43.9263954162597660,SQDF,SUCCESS,2022-09-02 13:45:26.788
002ec6da987f343641bc,890.40002441406250000,164,2,-19.9283485412597660000,-43.950389862060550,SQDF,SUCCESS,2022-09-08 18:14:14.091
002ec6da987f343641bc,911.90002441406250000,0,1,-19.9411125183105470000,-43.945896148681640,SQDF,SUCCESS,2022-09-08 18:42:12.524
002ec6da987f343641bc,915.09997558593750000,0,1,-19.941003799438477,-43.945892333984375,SQDF,SUCCESS,2022-09-12 16:40:54.665
002ec6da987f343641bc,842.20001220703120000,357,1,-19.9111766815185550000,-43.941303253173830,SQDF,SUCCESS,2022-09-10 01:21:34.343
002ec6da987f343641bc,873.50000000000000000,0,1,-19.9300212860107420000,-43.929321289062500,SQDF,SUCCESS,2022-09-10 01:31:12.969
002ec6da987f343641bc,877.09997558593750000,11,1,-19.9307727813720700000,-43.929309844970700,SQDF,SUCCESS,2022-09-10 01:35:56.455
002ec6da987f343641bc,852.09997558593750000,0,12,-19.8925151824951170000,-43.926383972167970,SQDF,SUCCESS,2022-09-10 01:49:55.596
002ec6da987f343641bc,844.20001220703120000,0,2,-19.892440795898438,-43.92638397216797,SQDF,SUCCESS,2022-09-07 23:25:49.952
002ec6da987f343641bc,897.59997558593750000,0,1,-19.9477615356445300000,-44.022132873535156,SQDF,SUCCESS,2022-09-03 19:52:48.544
002ec6da987f343641bc,886.29998779296880000,0,500,-19.9283008575439450000,-43.950855255126950,SQDF,SUCCESS,2022-09-08 17:32:44.058
002ec6da987f343641bc,887.79998779296880000,0,17,-19.9282989501953120000,-43.950866699218750,SQDF,SUCCESS,2022-09-08 17:34:52.607
002ec6da987f343641bc,917.90002441406250000,0,2,-19.941534042358400000,-43.945892333984375,SQDF,SUCCESS,2022-09-02 17:37:02.182
002ec6da987f343641bc,921.40002441406250000,0,1,-19.941316604614258,-43.9459190368652340,SQDF,SUCCESS,2022-09-08 15:59:56.602
002ec6da987f343641bc,862.20001220703120000,250,1,-19.904382705688477,-43.93448257446289,SQDF,SUCCESS,2022-09-08 01:35:37.795
002ec6da987f343641bc,869.29998779296880000,0,1,-19.928829193115234,-43.930931091308594,SQDF,SUCCESS,2022-09-08 01:44:21.107
002ec6da987f343641bc,871.00000000000000000,238,1,-19.9293212890625,-43.93096923828125,SQDF,SUCCESS,2022-09-08 01:51:58.998
002ec6da987f343641bc,842.09997558593750000,0,4,-19.892478942871094,-43.92644119262695,SQDF,SUCCESS,2022-09-08 02:02:28.404
002ec6da987f343641bc,823.50000000000000000,0,1,-19.88022804260254,-44.0047492980957000,SQDF,SUCCESS,2022-09-09 15:06:24.553
002ec6da987f343641bc,920.20001220703120000,328,1,-19.957164764404297,-44.110679626464844,SQDF,SUCCESS,2022-09-13 21:45:50.906
002ec6da987f343641bc,884.70001220703120000,205,1,-19.9342327117919920000,-43.9344711303710940,SQDF,SUCCESS,2022-09-10 10:10:57.842
002ec6da987f343641bc,887.00000000000000000,0,1,-19.9334220886230470000,-43.9328727722168000,SQDF,SUCCESS,2022-09-10 10:39:37.799
002ec6da987f343641bc,842.79998779296880000,0,9,-19.8924236297607420000,-43.9264030456543000,SQDF,SUCCESS,2022-09-10 11:24:07.121
002ec6da987f343641bc,814.50000000000000000,0,1,-19.890647888183594,-43.927097320556640,SQDF,SUCCESS,2022-09-07 22:59:54.593
002ec6da987f343641bc,953.29998779296880000,0,1,-19.93924331665039,-43.926063537597656,SQDF,SUCCESS,2022-09-14 01:28:45.636
002ec6da987f343641bc,828.59997558593750000,0,1,-19.880218505859375,-44.0047340393066400,SQDF,SUCCESS,2022-09-08 15:08:35.460
002ec6da987f343641bc,859.40002441406250000,0,1,-19.88532257080078,-43.9952583312988300,SQDF,SUCCESS,2022-09-08 15:17:16.280
002ec6da987f343641bc,918.00000000000000000,0,1,-19.941471099853516,-43.945884704589844,SQDF,SUCCESS,2022-09-01 16:39:34.022
002ec6da987f343641bc,832.40002441406250000,0,1,-19.864534378051758,-43.951610565185550,SQDF,SUCCESS,2022-09-03 21:46:59.957
002ec6da987f343641bc,839.20001220703120000,0,2,-19.8924293518066400000,-43.926422119140625,SQDF,SUCCESS,2022-09-03 22:09:24.169
002ec6da987f343641bc,826.70001220703120000,0,3,-19.9146099090576170000,-43.936809539794920,SQDF,SUCCESS,2022-09-05 19:53:44.708
002ec6da987f343641bc,827.70001220703120000,0,3,-19.9146060943603500000,-43.936809539794920,SQDF,SUCCESS,2022-09-05 19:53:48.936
002ec6da987f343641bc,913.40002441406250000,0,1,-19.9411487579345700000,-43.945919036865234,SQDF,SUCCESS,2022-09-05 20:09:10.098
002ec6da987f343641bc,848.00000000000000000,135,1,-19.911497116088867,-43.9402275085449200,SQDF,SUCCESS,2022-09-03 09:49:39.998
002ec6da987f343641bc,865.20001220703120000,0,1,-19.889690399169922,-43.9221687316894500,SQDF,SUCCESS,2022-09-03 10:07:35.223
002ec6da987f343641bc,848.20001220703120000,311,1,-19.888639450073242,-43.9236373901367200,SQDF,SUCCESS,2022-09-03 10:36:03.718
002ec6da987f343641bc,837.20001220703120000,0,3,-19.892484664916992,-43.9264564514160160,SQDF,SUCCESS,2022-09-03 10:43:51.639
002ec6da987f343641bc,824.50000000000000000,0,1,-19.8799552917480470000,-44.00459289550781,SQDF,SUCCESS,2022-09-05 15:07:13.218
002ec6da987f343641bc,839.50000000000000000,54,2,-19.8923892974853500000,-43.926429748535156,SQDF,SUCCESS,2022-09-05 15:41:23.983
002ec6da987f343641bc,846.40002441406250000,338,1,-19.893234252929688,-43.9319839477539060,SQDF,SUCCESS,2022-09-09 09:54:49.595
002ec6da987f343641bc,847.29998779296880000,0,3,-19.8924083709716800000,-43.926422119140625,SQDF,SUCCESS,2022-09-03 12:23:32.080
002ec6da987f343641bc,843.29998779296880000,0,3,-19.892419815063477,-43.926410675048830,SQDF,SUCCESS,2022-09-10 21:58:34.531
002ec6da987f343641bc,820.50000000000000000,0,1,-19.89061164855957,-43.927913665771484,SQDF,SUCCESS,2022-09-06 15:49:25.365
002ec6da987f343641bc,846.20001220703120000,0,1,-19.91734504699707,-43.954280853271484,SQDF,SUCCESS,2022-09-06 16:16:12.918
002ec6da987f343641bc,843.29998779296880000,0,13,-19.89246940612793,-43.9264564514160160,SQDF,SUCCESS,2022-09-02 11:00:49.886
002ec6da987f343641bc,860.59997558593750000,0,2,-19.88958740234375,-43.9217948913574200,SQDF,SUCCESS,2022-09-02 11:51:22.387
002ec6da987f343641bc,853.00000000000000000,0,2,-19.892549514770508000,-43.92643356323242,SQDF,SUCCESS,2022-09-14 01:42:46.498
002ec6da987f343641bc,924.40002441406250000,0,1,-19.9413166046142580000,-43.9459114074707,SQDF,SUCCESS,2022-09-02 15:51:48.041
002ec6da987f343641bc,869.29998779296880000,192,1,-19.8996753692626950000,-43.9281959533691400,SQDF,SUCCESS,2022-09-12 09:45:43.300
002ec6da987f343641bc,817.00000000000000000,0,1,-19.8795948028564450000,-44.0047569274902340,SQDF,SUCCESS,2022-09-12 10:06:50.258
002ec6da987f343641bc,868.20001220703120000,0,1,-19.8899517059326170000,-43.9217605590820300,SQDF,SUCCESS,2022-09-12 10:46:01.473
002ec6da987f343641bc,856.09997558593750000,1,500,-19.87787437438965,-43.9108352661132800,SQDF,SUCCESS,2022-09-09 10:55:32.771
002ec6da987f343641bc,859.00000000000000000,250,1,-19.9028453826904300000,-43.9302825927734400,SQDF,SUCCESS,2022-09-09 13:41:29.578
002ec6da987f343641bc,870.79998779296880000,0,1,-19.9159107208251950000,-43.9235229492187500,SQDF,SUCCESS,2022-09-09 13:50:08.313
002ec6da987f343641bc,822.00000000000000000,102,1,-19.8799667358398440000,-44.0045890808105500,SQDF,SUCCESS,2022-09-06 15:02:33.646
002ec6da987f343641bc,842.50000000000000000,0,2,-19.8924331665039060000,-43.9263839721679700,SQDF,SUCCESS,2022-09-06 15:34:55.811
002ec6da987f343641bc,872.59997558593750000,0,1,-19.90555191040039000000,-43.9247474670410160,SQDF,SUCCESS,2022-09-01 12:15:34.784
002ec6da987f343641bc,837.09997558593750000,0,1,-19.90013313293457000000,-43.9234046936035160,SQDF,SUCCESS,2022-09-01 12:17:03.732
002ec6da987f343641bc,842.09997558593750000,0,5,-19.89245414733886700000,-43.9264106750488300,SQDF,SUCCESS,2022-09-01 12:26:47.510
002ec6da987f343641bc,837.59997558593750000,283,4,-19.8923721313476560000,-43.9264221191406250,SQDF,SUCCESS,2022-09-12 11:43:28.068
002ec6da987f343641bc,865.40002441406250000,0,1,-19.89032745361328,-43.92118453979492,SQDF,SUCCESS,2022-09-11 10:11:01.665
002ec6da987f343641bc,837.00000000000000000,304,1,-19.88798713684082,-43.92472457885742,SQDF,SUCCESS,2022-09-11 11:15:48.764
002ec6da987f343641bc,799.90002441406250000,0,1,-19.888641357421875,-43.92888259887695,SQDF,SUCCESS,2022-09-11 11:17:53.637
002ec6da987f343641bc,846.59997558593750000,18,2,-19.89240264892578,-43.926422119140625,SQDF,SUCCESS,2022-09-11 11:31:37.038
002ec6da987f343641bc,817.09997558593750000,0,1,-19.879716873168945,-44.0047111511230500,SQDF,SUCCESS,2022-09-01 15:10:34.071
002ec6da987f343641bc,842.59997558593750000,164,1,-19.88884735107422,-43.9936599731445300,SQDF,SUCCESS,2022-09-01 15:15:36.029
002ec6da987f343641bc,870.00000000000000000,0,1,-19.927825927734375,-43.9511184692382800,SQDF,SUCCESS,2022-09-01 15:41:23.960
002ec6da987f343641bc,873.00000000000000000,189,1,-19.8999805450439450000,-43.9282684326171900,SQDF,SUCCESS,2022-09-06 09:42:46.003
002ec6da987f343641bc,897.00000000000000000,312,1,-19.9057369232177730000,-43.9849510192871100,SQDF,SUCCESS,2022-09-06 09:55:24.381
002ec6da987f343641bc,842.29998779296880000,165,1,-19.8885154724121100000,-43.9937400817871100,SQDF,SUCCESS,2022-09-06 10:08:09.111
002ec6da987f343641bc,836.40002441406250000,297,83,-19.8923931121826170000,-43.9264945983886700,SQDF,SUCCESS,2022-09-06 10:47:23.435
002ec6da987f343641bc,836.59997558593750000,0,1,-19.8646125793457030000,-43.951549530029300,SQDF,SUCCESS,2022-09-04 01:35:05.465
002ec6da987f343641bc,845.09997558593750000,0,4,-19.8924999237060550000,-43.926406860351560,SQDF,SUCCESS,2022-09-04 01:55:48.633
002ec6da987f343641bc,832.90002441406250000,0,3,-19.914989471435547,-43.9368591308593750,SQDF,SUCCESS,2022-09-05 18:53:17.427
002ec6da987f343641bc,862.40002441406250000,0,2,-19.8924999237060550000,-43.9263763427734400,SQDF,SUCCESS,2022-09-11 22:51:19.558
002ec6da987f343641bc,886.79998779296880000,0,1,-19.936767578125,-43.935920715332030,SQDF,SUCCESS,2022-09-09 19:02:06.337
002ec6da987f343641bc,836.20001220703120000,0,3,-19.8924465179443360000,-43.926395416259766,SQDF,SUCCESS,2022-09-01 22:28:33.849
002ec6da987f343641bc,887.90002441406250000,0,1,-19.9373893737792970000,-43.9343452453613300,SQDF,SUCCESS,2022-09-03 15:18:42.643
002ec6da987f343641bc,835.50000000000000000,0,1,-19.8924694061279300000,-43.9263687133789060,SQDF,SUCCESS,2022-09-03 15:50:41.650
002ec6da987f343641bc,844.50000000000000000,294,1,-19.9114341735839840000,-43.941123962402344,SQDF,SUCCESS,2022-09-10 14:56:26.052
002ec6da987f343641bc,890.79998779296880000,0,1,-19.9366912841796880000,-43.936035156250000,SQDF,SUCCESS,2022-09-10 15:09:25.685
002ec6da987f343641bc,839.79998779296880000,0,3,-19.89244270324707,-43.9264411926269500,SQDF,SUCCESS,2022-09-08 10:38:10.345
002ec6da987f343641bc,835.50000000000000000,0,3,-19.8924522399902340000,-43.926406860351560,SQDF,SUCCESS,2022-09-08 22:25:44.371
002ec6da987f343641bc,828.20001220703120000,0,2,-19.8924961090087900000,-43.9264068603515600,SQDF,SUCCESS,2022-09-05 16:01:48.882
002ec6da987f343641bc,919.79998779296880000,0,1,-19.9414005279541000000,-43.9459114074707000,SQDF,SUCCESS,2022-09-05 16:23:29.890
002ec6da987f343641bc,815.50000000000000000,0,2,-19.8886661529541,-43.928871154785156,SQDF,SUCCESS,2022-09-04 15:49:34.919
002ec6da987f343641bc,845.59997558593750000,331,4,-19.89242172241211,-43.926387786865234,SQDF,SUCCESS,2022-09-04 16:10:52.598
002ec6da987f343641bc,848.59997558593750000,0,2,-19.892484664916992000,-43.92632293701172,SQDF,SUCCESS,2022-09-13 00:39:30.562
002ec6da987f343641bc,856.20001220703120000,25,1,-19.927000045776367,-43.93349838256836,SQDF,SUCCESS,2022-09-11 15:11:50.643
002ec6da987f343641bc,845.40002441406250000,127,2,-19.892454147338867,-43.926395416259766,SQDF,SUCCESS,2022-09-11 15:20:43.968
002ec6da987f343641bc,901.00000000000000000,106,1,-19.936777114868164,-43.935756683349610,SQDF,SUCCESS,2022-09-10 15:32:20.283
002ec6da987f343641bc,841.20001220703120000,0,2,-19.8924503326416,-43.926448822021484,SQDF,SUCCESS,2022-09-10 15:53:39.355
002ec6da987f343641bc,842.00000000000000000,146,2,-19.8926410675048830000,-43.9263572692871100,SQDF,SUCCESS,2022-09-06 14:36:31.307
002ec6da987f343641bc,841.59997558593750000,0,8,-19.8924369812011720000,-43.926445007324220,SQDF,SUCCESS,2022-09-09 15:50:22.162
002ec6da987f343641bc,918.40002441406250000,0,1,-19.9411468505859380000,-43.945930480957030,SQDF,SUCCESS,2022-09-09 16:37:12.976
002ec6da987f343641bc,927.50000000000000000,0,1,-19.9438953399658200000,-43.9461631774902340,SQDF,SUCCESS,2022-09-02 17:09:21.359
002ec6da987f343641bc,816.20001220703120000,0,1,-19.890148162841797,-43.928546905517580,SQDF,SUCCESS,2022-09-10 19:23:07.575
002ec6da987f343641bc,812.40002441406250000,0,1,-19.85566520690918,-43.948093414306640,SQDF,SUCCESS,2022-09-10 19:43:34.594
002ec6da987f343641bc,844.70001220703120000,284,1,-19.8936653137207030000,-43.9313850402832000,SQDF,SUCCESS,2022-09-01 09:49:21.858
002ec6da987f343641bc,782.09997558593750000,0,1,-19.8755550384521500000,-43.9276084899902340,SQDF,SUCCESS,2022-09-01 10:42:30.135
002ec6da987f343641bc,762.70001220703120000,0,1,-19.8756694793701170000,-43.9277610778808600,SQDF,SUCCESS,2022-09-01 10:48:44.562
002ec6da987f343641bc,878.09997558593750000,0,1,-19.9055252075195300000,-43.9247474670410160,SQDF,SUCCESS,2022-09-01 11:07:16.900
002ec6da987f343641bc,884.20001220703120000,0,1,-19.9301357269287100000,-43.929256439208984,SQDF,SUCCESS,2022-09-13 00:04:38.753
002ec6da987f343641bc,925.90002441406250000,0,1,-19.9371604919433600000,-43.927577972412110,SQDF,SUCCESS,2022-09-13 00:15:44.792
002ec6da987f343641bc,923.79998779296880000,0,1,-19.941310882568360000,-43.945884704589844,SQDF,SUCCESS,2022-09-12 21:06:35.602
002ec6da987f343641bc,843.50000000000000000,0,2,-19.8924293518066400000,-43.9263725280761700,SQDF,SUCCESS,2022-09-09 11:57:41.635
002ec6da987f343641bc,850.50000000000000000,0,2,-19.892486572265625,-43.92643356323242,SQDF,SUCCESS,2022-09-11 12:18:09.432
002ec6da987f343641bc,865.40002441406250000,0,1,-19.89032745361328,-43.92118453979492,SQDF,SUCCESS,2022-09-11 12:25:30.972
002ec6da987f343641bc,977.50000000000000000,0,1,-19.943614959716797,-43.92327880859375,SQDF,SUCCESS,2022-09-11 12:36:48.650
002ec6da987f343641bc,842.09997558593750000,0,1,-19.89250946044922,-43.9263572692871100,SQDF,SUCCESS,2022-09-08 12:54:43.701
002ec6da987f343641bc,842.40002441406250000,0,3,-19.89250946044922,-43.9263420104980500,SQDF,SUCCESS,2022-09-08 12:54:51.206
002ec6da987f343641bc,871.20001220703120000,328,1,-19.92655372619629000000,-43.929534912109375,SQDF,SUCCESS,2022-09-07 15:28:30.145
002ec6da987f343641bc,839.29998779296880000,328,1,-19.911334991455078,-43.941246032714844,SQDF,SUCCESS,2022-09-03 15:09:13.688
002ec6da987f343641bc,893.50000000000000000,0,1,-19.928625106811523,-43.93854522705078,SQDF,SUCCESS,2022-09-02 22:01:44.510
002ec6da987f343641bc,914.20001220703120000,0,1,-19.928585052490234,-43.93851089477539,SQDF,SUCCESS,2022-09-02 22:04:52.670
002ec6da987f343641bc,837.40002441406250000,0,3,-19.89242935180664,-43.92631912231445,SQDF,SUCCESS,2022-09-02 22:20:42.253
002ec6da987f343641bc,916.20001220703120000,0,1,-19.9411449432373050000,-43.945911407470700,SQDF,SUCCESS,2022-09-09 20:07:55.038
002ec6da987f343641bc,821.59997558593750000,0,1,-19.8798828125000000000,-44.0047225952148440,SQDF,SUCCESS,2022-09-09 15:11:45.252
002ec6da987f343641bc,814.20001220703120000,0,1,-19.8902568817138670000,-43.9277420043945300,SQDF,SUCCESS,2022-09-09 15:37:38.005
002ec6da987f343641bc,846.40002441406250000,244,1,-19.9131908416748050000,-43.943622589111330,SQDF,SUCCESS,2022-09-04 13:39:12.270
002ec6da987f343641bc,868.79998779296880000,0,1,-19.9216804504394530000,-43.951820373535156,SQDF,SUCCESS,2022-09-04 13:42:31.021
002ec6da987f343641bc,868.79998779296880000,0,2,-19.9216804504394530000,-43.951820373535156,SQDF,SUCCESS,2022-09-04 13:42:35.750
002ec6da987f343641bc,928.29998779296880000,0,1,-19.9366626739501950000,-43.928169250488280,SQDF,SUCCESS,2022-09-13 23:02:31.735
002ec6da987f343641bc,785.90002441406250000,16,1,-19.877567291259766,-43.9288482666015600,SQDF,SUCCESS,2022-09-01 14:49:38.673
002ec6da987f343641bc,881.79998779296880000,0,1,-19.9042148590087900000,-43.9239921569824200,SQDF,SUCCESS,2022-09-07 15:43:08.443
002ec6da987f343641bc,862.79998779296880000,250,1,-19.903947830200195,-43.9330711364746100,SQDF,SUCCESS,2022-09-02 09:43:20.905
002ec6da987f343641bc,882.40002441406250000,0,1,-19.905851364135742,-43.9242935180664060,SQDF,SUCCESS,2022-09-02 10:41:26.086
002ec6da987f343641bc,855.29998779296880000,0,3,-19.8925285339355470000,-43.926414489746094,SQDF,SUCCESS,2022-09-12 22:25:42.019
002ec6da987f343641bc,846.50000000000000000,299,1,-19.892364501953125,-43.9263954162597660,SQDF,SUCCESS,2022-09-07 17:51:38.277
002ec6da987f343641bc,858.29998779296880000,250,1,-19.903934478759766,-43.9331474304199200,SQDF,SUCCESS,2022-09-13 09:43:45.945
002ec6da987f343641bc,815.00000000000000000,0,1,-19.879785537719727,-44.0047798156738300,SQDF,SUCCESS,2022-09-13 10:04:48.465
002ec6da987f343641bc,782.40002441406250000,0,1,-19.875566482543945,-43.9276313781738300,SQDF,SUCCESS,2022-09-13 10:34:47.890
002ec6da987f343641bc,864.20001220703120000,0,1,-19.8899936676025400000,-43.921680450439450,SQDF,SUCCESS,2022-09-04 23:12:37.177
002ec6da987f343641bc,847.90002441406250000,0,3,-19.8925132751464840000,-43.926441192626950,SQDF,SUCCESS,2022-09-04 23:18:28.801
002ec6da987f343641bc,791.20001220703120000,343,1,-19.8794288635253900000,-43.9287796020507800,SQDF,SUCCESS,2022-09-12 14:47:52.077
002ec6da987f343641bc,821.00000000000000000,358,1,-19.8799152374267580000,-44.0047225952148440,SQDF,SUCCESS,2022-09-12 15:07:50.980
002ec6da987f343641bc,790.40002441406250000,0,1,-19.875593185424805,-43.927597045898440,SQDF,SUCCESS,2022-09-07 22:03:27.010
002ec6da987f343641bc,844.90002441406250000,0,5,-19.892499923706055,-43.926460266113280,SQDF,SUCCESS,2022-09-07 22:19:22.659
002ec6da987f343641bc,859.50000000000000000,253,1,-19.904115676879883,-43.9336471557617200,SQDF,SUCCESS,2022-09-05 09:48:05.163
002ec6da987f343641bc,799.20001220703120000,0,1,-19.888683319091797,-43.9288215637207000,SQDF,SUCCESS,2022-09-05 10:42:03.721
002ec6da987f343641bc,803.79998779296880000,0,1,-19.888673782348633,-43.9288520812988300,SQDF,SUCCESS,2022-09-05 10:42:09.152
002ec6da987f343641bc,805.59997558593750000,0,1,-19.888671875,-43.9288558959960940,SQDF,SUCCESS,2022-09-05 10:42:28.622
002ec6da987f343641bc,842.09997558593750000,0,4,-19.89249610900879,-43.9264793395996100,SQDF,SUCCESS,2022-09-05 10:55:59.744
002ec6da987f343641bc,922.50000000000000000,19,1,-19.9413928985595700000,-43.9459114074707000,SQDF,SUCCESS,2022-09-05 16:33:52.889
002ec6da987f343641bc,875.20001220703120000,0,1,-19.93007469177246,-43.929084777832030,SQDF,SUCCESS,2022-09-06 22:50:28.048
002ec6da987f343641bc,837.79998779296880000,55,2,-19.892427444458008,-43.926368713378906,SQDF,SUCCESS,2022-09-06 23:08:26.688
002ec6da987f343641bc,801.79998779296880000,0,1,-19.888778686523438,-43.9288101196289060,SQDF,SUCCESS,2022-09-13 10:49:15.183
002ec6da987f343641bc,840.59997558593750000,0,4,-19.892473220825195,-43.9264411926269500,SQDF,SUCCESS,2022-09-13 11:01:25.353
002ec6da987f343641bc,840.59997558593750000,0,2,-19.892473220825195,-43.9264411926269500,SQDF,SUCCESS,2022-09-13 11:01:30.247
002ec6da987f343641bc,801.59997558593750000,10,1,-19.880815505981445,-43.928256988525390,SQDF,SUCCESS,2022-09-04 01:22:34.359
002ec6da987f343641bc,841.20001220703120000,219,1,-19.91254997253418,-43.9425964355468750,SQDF,SUCCESS,2022-09-05 14:45:59.341
002ec6da987f343641bc,813.59997558593750000,0,1,-19.8906307220459,-43.9271316528320300,SQDF,SUCCESS,2022-09-04 22:03:36.754
002ec6da987f343641bc,817.29998779296880000,0,2,-19.891433715820312,-43.9274635314941400,SQDF,SUCCESS,2022-09-04 22:19:48.941
002ec6da987f343641bc,839.09997558593750000,0,3,-19.892465591430664,-43.9264221191406250,SQDF,SUCCESS,2022-09-04 22:22:08.416
002ec6da987f343641bc,898.40002441406250000,0,1,-19.89752197265625,-43.9301071166992200,SQDF,SUCCESS,2022-09-04 22:44:08.768
002ec6da987f343641bc,843.09997558593750000,0,1,-19.9173927307128900000,-43.9542121887207,SQDF,SUCCESS,2022-09-12 16:09:06.012
002ec6da987f343641bc,876.09997558593750000,53,500,-19.92991065979004,-43.9295196533203100,SQDF,SUCCESS,2022-09-07 12:24:57.800
002ec6da987f343641bc,826.70001220703120000,196,1,-19.8569393157959,-43.94976806640625,SQDF,SUCCESS,2022-09-11 20:21:46.454
002ec6da987f343641bc,829.20001220703120000,0,1,-19.856931686401367,-43.94974899291992,SQDF,SUCCESS,2022-09-11 20:25:18.908
002ec6da987f343641bc,836.59997558593750000,0,1,-19.85729217529297,-43.9498176574707,SQDF,SUCCESS,2022-09-11 20:28:52.832
002ec6da987f343641bc,827.09997558593750000,0,1,-19.859956741333008,-43.955482482910156,SQDF,SUCCESS,2022-09-11 20:33:43.857
